account_id,client_name,advisor_name,region,segment,account_type,asset_class,allocation_pct,market_value
A00001,Joshua Rasmussen,Rowan Blackwell,Southeast,High Net Worth,Taxable Brokerage,US Equity,0.4186,1986147.86
A00001,Joshua Rasmussen,Rowan Blackwell,Southeast,High Net Worth,Taxable Brokerage,International Equity,0.1569,744526.73
A00001,Joshua Rasmussen,Rowan Blackwell,Southeast,High Net Worth,Taxable Brokerage,Fixed Income,0.2477,1175428.49
A00001,Joshua Rasmussen,Rowan Blackwell,Southeast,High Net Worth,Taxable Brokerage,Cash & Equivalents,0.0994,471382.34
A00001,Joshua Rasmussen,Rowan Blackwell,Southeast,High Net Worth,Taxable Brokerage,Alternatives,0.0774,367175.5
A00002,Kevin Tavares,Elise Fontaine,Southeast,Mass Affluent,Roth IRA,US Equity,0.4076,45208.81
A00002,Kevin Tavares,Elise Fontaine,Southeast,Mass Affluent,Roth IRA,International Equity,0.2081,23081.85
A00002,Kevin Tavares,Elise Fontaine,Southeast,Mass Affluent,Roth IRA,Fixed Income,0.271,30049.66
A00002,Kevin Tavares,Elise Fontaine,Southeast,Mass Affluent,Roth IRA,Cash & Equivalents,0.1043,11565.76
A00002,Kevin Tavares,Elise Fontaine,Southeast,Mass Affluent,Roth IRA,Alternatives,0.009,998.42
A00003,Kevin Tavares,Elise Fontaine,Southeast,Mass Affluent,401(k) Rollover,US Equity,0.418,22474.19
A00003,Kevin Tavares,Elise Fontaine,Southeast,Mass Affluent,401(k) Rollover,International Equity,0.1747,9393.2
A00003,Kevin Tavares,Elise Fontaine,Southeast,Mass Affluent,401(k) Rollover,Fixed Income,0.2976,16000.98
A00003,Kevin Tavares,Elise Fontaine,Southeast,Mass Affluent,401(k) Rollover,Cash & Equivalents,0.0718,3858.14
A00003,Kevin Tavares,Elise Fontaine,Southeast,Mass Affluent,401(k) Rollover,Alternatives,0.038,2042.55
A00004,Ronald Vance,Marcus Ellery,Midwest,High Net Worth,Traditional IRA,US Equity,0.4591,843471.23
A00004,Ronald Vance,Marcus Ellery,Midwest,High Net Worth,Traditional IRA,International Equity,0.2067,379765.65
A00004,Ronald Vance,Marcus Ellery,Midwest,High Net Worth,Traditional IRA,Fixed Income,0.2015,370188.63
A00004,Ronald Vance,Marcus Ellery,Midwest,High Net Worth,Traditional IRA,Cash & Equivalents,0.0105,19350.89
A00004,Ronald Vance,Marcus Ellery,Midwest,High Net Worth,Traditional IRA,Alternatives,0.1222,224445.36
A00005,Ronald Vance,Marcus Ellery,Midwest,High Net Worth,Roth IRA,US Equity,0.4611,347131.04
A00005,Ronald Vance,Marcus Ellery,Midwest,High Net Worth,Roth IRA,International Equity,0.1832,137881.65
A00005,Ronald Vance,Marcus Ellery,Midwest,High Net Worth,Roth IRA,Fixed Income,0.2733,205743.22
A00005,Ronald Vance,Marcus Ellery,Midwest,High Net Worth,Roth IRA,Cash & Equivalents,0.0102,7687.63
A00005,Ronald Vance,Marcus Ellery,Midwest,High Net Worth,Roth IRA,Alternatives,0.0722,54332.69
A00006,Ronald Vance,Marcus Ellery,Midwest,High Net Worth,Trust,US Equity,0.4312,373396.65
A00006,Ronald Vance,Marcus Ellery,Midwest,High Net Worth,Trust,International Equity,0.16,138571.5
A00006,Ronald Vance,Marcus Ellery,Midwest,High Net Worth,Trust,Fixed Income,0.2218,192072.92
A00006,Ronald Vance,Marcus Ellery,Midwest,High Net Worth,Trust,Cash & Equivalents,0.0655,56691.33
A00006,Ronald Vance,Marcus Ellery,Midwest,High Net Worth,Trust,Alternatives,0.1215,105211.33
A00007,Lisa Castellano,Declan Moreau,West,Mass Affluent,Trust,US Equity,0.4391,77081.67
A00007,Lisa Castellano,Declan Moreau,West,Mass Affluent,Trust,International Equity,0.2148,37710.33
A00007,Lisa Castellano,Declan Moreau,West,Mass Affluent,Trust,Fixed Income,0.2545,44679.47
A00007,Lisa Castellano,Declan Moreau,West,Mass Affluent,Trust,Cash & Equivalents,0.0823,14439.62
A00007,Lisa Castellano,Declan Moreau,West,Mass Affluent,Trust,Alternatives,0.0093,1631.45
A00008,Edward Hollis,Camille Okafor,West,Ultra High Net Worth,401(k) Rollover,US Equity,0.4382,2049949.03
A00008,Edward Hollis,Camille Okafor,West,Ultra High Net Worth,401(k) Rollover,International Equity,0.2058,962804.14
A00008,Edward Hollis,Camille Okafor,West,Ultra High Net Worth,401(k) Rollover,Fixed Income,0.158,739175.78
A00008,Edward Hollis,Camille Okafor,West,Ultra High Net Worth,401(k) Rollover,Cash & Equivalents,0.0445,208330.67
A00008,Edward Hollis,Camille Okafor,West,Ultra High Net Worth,401(k) Rollover,Alternatives,0.1535,718368.32
A00009,Edward Hollis,Camille Okafor,West,Ultra High Net Worth,Trust,US Equity,0.4011,3343945.43
A00009,Edward Hollis,Camille Okafor,West,Ultra High Net Worth,Trust,International Equity,0.1962,1635911.32
A00009,Edward Hollis,Camille Okafor,West,Ultra High Net Worth,Trust,Fixed Income,0.2245,1871297.83
A00009,Edward Hollis,Camille Okafor,West,Ultra High Net Worth,Trust,Cash & Equivalents,0.0112,93027.86
A00009,Edward Hollis,Camille Okafor,West,Ultra High Net Worth,Trust,Alternatives,0.167,1392105.49
A00010,Edward Hollis,Camille Okafor,West,Ultra High Net Worth,Roth IRA,US Equity,0.367,2705828.67
A00010,Edward Hollis,Camille Okafor,West,Ultra High Net Worth,Roth IRA,International Equity,0.1843,1358694.15
A00010,Edward Hollis,Camille Okafor,West,Ultra High Net Worth,Roth IRA,Fixed Income,0.1993,1469600.05
A00010,Edward Hollis,Camille Okafor,West,Ultra High Net Worth,Roth IRA,Cash & Equivalents,0.0197,145494.59
A00010,Edward Hollis,Camille Okafor,West,Ultra High Net Worth,Roth IRA,Alternatives,0.2296,1692437.64
A00011,Deborah Anderson,Marcus Ellery,Midwest,High Net Worth,Traditional IRA,US Equity,0.3912,1026636.09
A00011,Deborah Anderson,Marcus Ellery,Midwest,High Net Worth,Traditional IRA,International Equity,0.1575,413306.94
A00011,Deborah Anderson,Marcus Ellery,Midwest,High Net Worth,Traditional IRA,Fixed Income,0.2675,702059.9
A00011,Deborah Anderson,Marcus Ellery,Midwest,High Net Worth,Traditional IRA,Cash & Equivalents,0.0905,237577.69
A00011,Deborah Anderson,Marcus Ellery,Midwest,High Net Worth,Traditional IRA,Alternatives,0.0933,244788.35
A00012,Robert Petrov,Warren Tsai,West,High Net Worth,401(k) Rollover,US Equity,0.4439,383872.01
A00012,Robert Petrov,Warren Tsai,West,High Net Worth,401(k) Rollover,International Equity,0.2108,182313.6
A00012,Robert Petrov,Warren Tsai,West,High Net Worth,401(k) Rollover,Fixed Income,0.1993,172326.43
A00012,Robert Petrov,Warren Tsai,West,High Net Worth,401(k) Rollover,Cash & Equivalents,0.0419,36190.74
A00012,Robert Petrov,Warren Tsai,West,High Net Worth,401(k) Rollover,Alternatives,0.1041,89983.37
A00013,Robert Petrov,Warren Tsai,West,High Net Worth,Taxable Brokerage,US Equity,0.466,236125.27
A00013,Robert Petrov,Warren Tsai,West,High Net Worth,Taxable Brokerage,International Equity,0.1849,93669.92
A00013,Robert Petrov,Warren Tsai,West,High Net Worth,Taxable Brokerage,Fixed Income,0.1948,98698.12
A00013,Robert Petrov,Warren Tsai,West,High Net Worth,Taxable Brokerage,Cash & Equivalents,0.0331,16757.52
A00013,Robert Petrov,Warren Tsai,West,High Net Worth,Taxable Brokerage,Alternatives,0.1213,61478.14
A00014,Robert Petrov,Warren Tsai,West,High Net Worth,Trust,US Equity,0.3932,158850.63
A00014,Robert Petrov,Warren Tsai,West,High Net Worth,Trust,International Equity,0.1858,75061.81
A00014,Robert Petrov,Warren Tsai,West,High Net Worth,Trust,Fixed Income,0.2432,98261.74
A00014,Robert Petrov,Warren Tsai,West,High Net Worth,Trust,Cash & Equivalents,0.0653,26383.34
A00014,Robert Petrov,Warren Tsai,West,High Net Worth,Trust,Alternatives,0.1125,45449.99
A00016,Cynthia Lockhart,Warren Tsai,West,Mass Affluent,Trust,US Equity,0.438,80515.64
A00016,Cynthia Lockhart,Warren Tsai,West,Mass Affluent,Trust,International Equity,0.1807,33208.93
A00016,Cynthia Lockhart,Warren Tsai,West,Mass Affluent,Trust,Fixed Income,0.2698,49591.0
A00016,Cynthia Lockhart,Warren Tsai,West,Mass Affluent,Trust,Cash & Equivalents,0.0705,12955.23
A00016,Cynthia Lockhart,Warren Tsai,West,Mass Affluent,Trust,Alternatives,0.041,7544.68
A00017,Cynthia Lockhart,Warren Tsai,West,Mass Affluent,Traditional IRA,US Equity,0.4276,48637.36
A00017,Cynthia Lockhart,Warren Tsai,West,Mass Affluent,Traditional IRA,International Equity,0.1389,15804.38
A00017,Cynthia Lockhart,Warren Tsai,West,Mass Affluent,Traditional IRA,Fixed Income,0.2866,32597.36
A00017,Cynthia Lockhart,Warren Tsai,West,Mass Affluent,Traditional IRA,Cash & Equivalents,0.1077,12254.64
A00017,Cynthia Lockhart,Warren Tsai,West,Mass Affluent,Traditional IRA,Alternatives,0.0392,4458.16
A00018,Cynthia Lockhart,Warren Tsai,West,Mass Affluent,401(k) Rollover,US Equity,0.4946,50285.27
A00018,Cynthia Lockhart,Warren Tsai,West,Mass Affluent,401(k) Rollover,International Equity,0.1353,13756.08
A00018,Cynthia Lockhart,Warren Tsai,West,Mass Affluent,401(k) Rollover,Fixed Income,0.2924,29727.17
A00018,Cynthia Lockhart,Warren Tsai,West,Mass Affluent,401(k) Rollover,Cash & Equivalents,0.0667,6784.34
A00018,Cynthia Lockhart,Warren Tsai,West,Mass Affluent,401(k) Rollover,Alternatives,0.011,1114.21
A00019,Emily Thorne,Rowan Blackwell,Southeast,High Net Worth,Traditional IRA,US Equity,0.4265,603524.65
A00019,Emily Thorne,Rowan Blackwell,Southeast,High Net Worth,Traditional IRA,International Equity,0.2092,296031.18
A00019,Emily Thorne,Rowan Blackwell,Southeast,High Net Worth,Traditional IRA,Fixed Income,0.2787,394402.1
A00019,Emily Thorne,Rowan Blackwell,Southeast,High Net Worth,Traditional IRA,Cash & Equivalents,0.0118,16715.39
A00019,Emily Thorne,Rowan Blackwell,Southeast,High Net Worth,Traditional IRA,Alternatives,0.0737,104268.47
A00020,Emily Thorne,Rowan Blackwell,Southeast,High Net Worth,Trust,US Equity,0.3841,431011.81
A00020,Emily Thorne,Rowan Blackwell,Southeast,High Net Worth,Trust,International Equity,0.2169,243390.7
A00020,Emily Thorne,Rowan Blackwell,Southeast,High Net Worth,Trust,Fixed Income,0.233,261429.81
A00020,Emily Thorne,Rowan Blackwell,Southeast,High Net Worth,Trust,Cash & Equivalents,0.0259,29106.3
A00020,Emily Thorne,Rowan Blackwell,Southeast,High Net Worth,Trust,Alternatives,0.14,157054.8
A00021,Timothy Kowalski,Aisha Bello,Northeast,Mass Affluent,Roth IRA,US Equity,0.4938,101019.23
A00021,Timothy Kowalski,Aisha Bello,Northeast,Mass Affluent,Roth IRA,International Equity,0.1868,38222.49
A00021,Timothy Kowalski,Aisha Bello,Northeast,Mass Affluent,Roth IRA,Fixed Income,0.2619,53587.83
A00021,Timothy Kowalski,Aisha Bello,Northeast,Mass Affluent,Roth IRA,Cash & Equivalents,0.0343,7013.25
A00021,Timothy Kowalski,Aisha Bello,Northeast,Mass Affluent,Roth IRA,Alternatives,0.0232,4739.26
A00023,Kevin Delacroix,Warren Tsai,West,Mass Affluent,Taxable Brokerage,US Equity,0.5226,91210.38
A00023,Kevin Delacroix,Warren Tsai,West,Mass Affluent,Taxable Brokerage,International Equity,0.1472,25692.06
A00023,Kevin Delacroix,Warren Tsai,West,Mass Affluent,Taxable Brokerage,Fixed Income,0.2986,52111.52
A00023,Kevin Delacroix,Warren Tsai,West,Mass Affluent,Taxable Brokerage,Cash & Equivalents,0.0214,3740.02
A00023,Kevin Delacroix,Warren Tsai,West,Mass Affluent,Taxable Brokerage,Alternatives,0.0102,1781.84
A00024,Kimberly Bergeron,Nina Castellanos,Southeast,High Net Worth,Trust,US Equity,0.4737,871077.81
A00024,Kimberly Bergeron,Nina Castellanos,Southeast,High Net Worth,Trust,International Equity,0.1713,315002.23
A00024,Kimberly Bergeron,Nina Castellanos,Southeast,High Net Worth,Trust,Fixed Income,0.2092,384629.78
A00024,Kimberly Bergeron,Nina Castellanos,Southeast,High Net Worth,Trust,Cash & Equivalents,0.0367,67538.28
A00024,Kimberly Bergeron,Nina Castellanos,Southeast,High Net Worth,Trust,Alternatives,0.109,200439.27
A00025,Kimberly Bergeron,Nina Castellanos,Southeast,High Net Worth,Roth IRA,US Equity,0.4061,586657.44
A00025,Kimberly Bergeron,Nina Castellanos,Southeast,High Net Worth,Roth IRA,International Equity,0.1969,284409.51
A00025,Kimberly Bergeron,Nina Castellanos,Southeast,High Net Worth,Roth IRA,Fixed Income,0.2594,374701.18
A00025,Kimberly Bergeron,Nina Castellanos,Southeast,High Net Worth,Roth IRA,Cash & Equivalents,0.0154,22306.41
A00025,Kimberly Bergeron,Nina Castellanos,Southeast,High Net Worth,Roth IRA,Alternatives,0.1222,176601.2
A00026,Maria Broussard,Tomas Herrera,Northeast,Mass Affluent,401(k) Rollover,US Equity,0.4128,35196.74
A00026,Maria Broussard,Tomas Herrera,Northeast,Mass Affluent,401(k) Rollover,International Equity,0.193,16460.77
A00026,Maria Broussard,Tomas Herrera,Northeast,Mass Affluent,401(k) Rollover,Fixed Income,0.2544,21696.27
A00026,Maria Broussard,Tomas Herrera,Northeast,Mass Affluent,401(k) Rollover,Cash & Equivalents,0.0744,6343.54
A00026,Maria Broussard,Tomas Herrera,Northeast,Mass Affluent,401(k) Rollover,Alternatives,0.0654,5576.17
A00027,Maria Broussard,Tomas Herrera,Northeast,Mass Affluent,Roth IRA,US Equity,0.4779,56244.29
A00027,Maria Broussard,Tomas Herrera,Northeast,Mass Affluent,Roth IRA,International Equity,0.1956,23018.25
A00027,Maria Broussard,Tomas Herrera,Northeast,Mass Affluent,Roth IRA,Fixed Income,0.1984,23350.82
A00027,Maria Broussard,Tomas Herrera,Northeast,Mass Affluent,Roth IRA,Cash & Equivalents,0.1183,13927.65
A00027,Maria Broussard,Tomas Herrera,Northeast,Mass Affluent,Roth IRA,Alternatives,0.0098,1157.75
A00028,Kenneth Grimaldi,Nina Castellanos,Southeast,Ultra High Net Worth,Roth IRA,US Equity,0.3573,2483576.96
A00028,Kenneth Grimaldi,Nina Castellanos,Southeast,Ultra High Net Worth,Roth IRA,International Equity,0.2122,1474577.84
A00028,Kenneth Grimaldi,Nina Castellanos,Southeast,Ultra High Net Worth,Roth IRA,Fixed Income,0.2486,1727990.11
A00028,Kenneth Grimaldi,Nina Castellanos,Southeast,Ultra High Net Worth,Roth IRA,Cash & Equivalents,0.0097,67219.86
A00028,Kenneth Grimaldi,Nina Castellanos,Southeast,Ultra High Net Worth,Roth IRA,Alternatives,0.1722,1196647.92
A00029,Kenneth Grimaldi,Nina Castellanos,Southeast,Ultra High Net Worth,401(k) Rollover,US Equity,0.3379,10670660.28
A00029,Kenneth Grimaldi,Nina Castellanos,Southeast,Ultra High Net Worth,401(k) Rollover,International Equity,0.2419,7639452.3
A00029,Kenneth Grimaldi,Nina Castellanos,Southeast,Ultra High Net Worth,401(k) Rollover,Fixed Income,0.1852,5849224.96
A00029,Kenneth Grimaldi,Nina Castellanos,Southeast,Ultra High Net Worth,401(k) Rollover,Cash & Equivalents,0.0388,1225105.52
A00029,Kenneth Grimaldi,Nina Castellanos,Southeast,Ultra High Net Worth,401(k) Rollover,Alternatives,0.1962,6195909.98
A00030,Michael Stroud,Camille Okafor,West,High Net Worth,Roth IRA,US Equity,0.4135,1187691.95
A00030,Michael Stroud,Camille Okafor,West,High Net Worth,Roth IRA,International Equity,0.1873,537955.99
A00030,Michael Stroud,Camille Okafor,West,High Net Worth,Roth IRA,Fixed Income,0.2502,718693.68
A00030,Michael Stroud,Camille Okafor,West,High Net Worth,Roth IRA,Cash & Equivalents,0.0422,121201.27
A00030,Michael Stroud,Camille Okafor,West,High Net Worth,Roth IRA,Alternatives,0.1068,306920.44
A00031,Sandra Kowalski,Dana Whitfield,Midwest,Mass Affluent,Traditional IRA,US Equity,0.4859,54557.45
A00031,Sandra Kowalski,Dana Whitfield,Midwest,Mass Affluent,Traditional IRA,International Equity,0.0936,10506.08
A00031,Sandra Kowalski,Dana Whitfield,Midwest,Mass Affluent,Traditional IRA,Fixed Income,0.2928,32875.9
A00031,Sandra Kowalski,Dana Whitfield,Midwest,Mass Affluent,Traditional IRA,Cash & Equivalents,0.0601,6744.32
A00031,Sandra Kowalski,Dana Whitfield,Midwest,Mass Affluent,Traditional IRA,Alternatives,0.0676,7586.66
A00032,Sandra Kowalski,Dana Whitfield,Midwest,Mass Affluent,401(k) Rollover,US Equity,0.4696,84357.56
A00032,Sandra Kowalski,Dana Whitfield,Midwest,Mass Affluent,401(k) Rollover,International Equity,0.1923,34550.71
A00032,Sandra Kowalski,Dana Whitfield,Midwest,Mass Affluent,401(k) Rollover,Fixed Income,0.2672,48003.99
A00032,Sandra Kowalski,Dana Whitfield,Midwest,Mass Affluent,401(k) Rollover,Cash & Equivalents,0.0607,10902.97
A00032,Sandra Kowalski,Dana Whitfield,Midwest,Mass Affluent,401(k) Rollover,Alternatives,0.0102,1823.77
A00033,Ryan Haddad,Declan Moreau,West,Mass Affluent,401(k) Rollover,US Equity,0.4176,61087.18
A00033,Ryan Haddad,Declan Moreau,West,Mass Affluent,401(k) Rollover,International Equity,0.179,26189.08
A00033,Ryan Haddad,Declan Moreau,West,Mass Affluent,401(k) Rollover,Fixed Income,0.3199,46795.1
A00033,Ryan Haddad,Declan Moreau,West,Mass Affluent,401(k) Rollover,Cash & Equivalents,0.0596,8718.61
A00033,Ryan Haddad,Declan Moreau,West,Mass Affluent,401(k) Rollover,Alternatives,0.0239,3489.3
A00034,James Lindqvist,Rowan Blackwell,Southeast,Mass Affluent,Taxable Brokerage,US Equity,0.4391,101303.79
A00034,James Lindqvist,Rowan Blackwell,Southeast,Mass Affluent,Taxable Brokerage,International Equity,0.1748,40330.14
A00034,James Lindqvist,Rowan Blackwell,Southeast,Mass Affluent,Taxable Brokerage,Fixed Income,0.2571,59317.52
A00034,James Lindqvist,Rowan Blackwell,Southeast,Mass Affluent,Taxable Brokerage,Cash & Equivalents,0.0523,12074.02
A00034,James Lindqvist,Rowan Blackwell,Southeast,Mass Affluent,Taxable Brokerage,Alternatives,0.0766,17663.77
A00035,Rebecca Rasmussen,Elise Fontaine,Southeast,Mass Affluent,Trust,US Equity,0.4283,89817.48
A00035,Rebecca Rasmussen,Elise Fontaine,Southeast,Mass Affluent,Trust,International Equity,0.1833,38443.25
A00035,Rebecca Rasmussen,Elise Fontaine,Southeast,Mass Affluent,Trust,Fixed Income,0.2544,53346.25
A00035,Rebecca Rasmussen,Elise Fontaine,Southeast,Mass Affluent,Trust,Cash & Equivalents,0.1249,26189.99
A00035,Rebecca Rasmussen,Elise Fontaine,Southeast,Mass Affluent,Trust,Alternatives,0.0091,1901.5
A00036,Jeffrey Hargrove,Camille Okafor,West,Mass Affluent,Taxable Brokerage,US Equity,0.4731,175005.12
A00036,Jeffrey Hargrove,Camille Okafor,West,Mass Affluent,Taxable Brokerage,International Equity,0.1448,53564.29
A00036,Jeffrey Hargrove,Camille Okafor,West,Mass Affluent,Taxable Brokerage,Fixed Income,0.2605,96357.14
A00036,Jeffrey Hargrove,Camille Okafor,West,Mass Affluent,Taxable Brokerage,Cash & Equivalents,0.0863,31924.74
A00036,Jeffrey Hargrove,Camille Okafor,West,Mass Affluent,Taxable Brokerage,Alternatives,0.0353,13076.05
A00037,Barbara Hollis,Tomas Herrera,Northeast,Mass Affluent,Taxable Brokerage,US Equity,0.4058,92159.01
A00037,Barbara Hollis,Tomas Herrera,Northeast,Mass Affluent,Taxable Brokerage,International Equity,0.1463,33224.52
A00037,Barbara Hollis,Tomas Herrera,Northeast,Mass Affluent,Taxable Brokerage,Fixed Income,0.2873,65252.59
A00037,Barbara Hollis,Tomas Herrera,Northeast,Mass Affluent,Taxable Brokerage,Cash & Equivalents,0.1026,23307.08
A00037,Barbara Hollis,Tomas Herrera,Northeast,Mass Affluent,Taxable Brokerage,Alternatives,0.0579,13159.19
A00038,Barbara Hollis,Tomas Herrera,Northeast,Mass Affluent,Trust,US Equity,0.3708,40318.79
A00038,Barbara Hollis,Tomas Herrera,Northeast,Mass Affluent,Trust,International Equity,0.1878,20426.0
A00038,Barbara Hollis,Tomas Herrera,Northeast,Mass Affluent,Trust,Fixed Income,0.2628,28574.74
A00038,Barbara Hollis,Tomas Herrera,Northeast,Mass Affluent,Trust,Cash & Equivalents,0.0786,8545.8
A00038,Barbara Hollis,Tomas Herrera,Northeast,Mass Affluent,Trust,Alternatives,0.1001,10881.06
A00039,Nancy Tavares,Dana Whitfield,Midwest,Mass Affluent,Traditional IRA,US Equity,0.5169,55463.73
A00039,Nancy Tavares,Dana Whitfield,Midwest,Mass Affluent,Traditional IRA,International Equity,0.192,20607.21
A00039,Nancy Tavares,Dana Whitfield,Midwest,Mass Affluent,Traditional IRA,Fixed Income,0.2253,24181.14
A00039,Nancy Tavares,Dana Whitfield,Midwest,Mass Affluent,Traditional IRA,Cash & Equivalents,0.0548,5875.29
A00039,Nancy Tavares,Dana Whitfield,Midwest,Mass Affluent,Traditional IRA,Alternatives,0.011,1178.04
A00040,Nancy Tavares,Dana Whitfield,Midwest,Mass Affluent,Roth IRA,US Equity,0.4695,39693.67
A00040,Nancy Tavares,Dana Whitfield,Midwest,Mass Affluent,Roth IRA,International Equity,0.1602,13542.64
A00040,Nancy Tavares,Dana Whitfield,Midwest,Mass Affluent,Roth IRA,Fixed Income,0.3389,28648.98
A00040,Nancy Tavares,Dana Whitfield,Midwest,Mass Affluent,Roth IRA,Cash & Equivalents,0.011,927.38
A00040,Nancy Tavares,Dana Whitfield,Midwest,Mass Affluent,Roth IRA,Alternatives,0.0205,1729.01
A00041,Jennifer Hollis,Warren Tsai,West,Ultra High Net Worth,Trust,US Equity,0.3295,946214.87
A00041,Jennifer Hollis,Warren Tsai,West,Ultra High Net Worth,Trust,International Equity,0.1513,434498.77
A00041,Jennifer Hollis,Warren Tsai,West,Ultra High Net Worth,Trust,Fixed Income,0.2121,608894.0
A00041,Jennifer Hollis,Warren Tsai,West,Ultra High Net Worth,Trust,Cash & Equivalents,0.0757,217356.58
A00041,Jennifer Hollis,Warren Tsai,West,Ultra High Net Worth,Trust,Alternatives,0.2314,664330.77
A00042,Jennifer Hollis,Warren Tsai,West,Ultra High Net Worth,Roth IRA,US Equity,0.4325,1379626.4
A00042,Jennifer Hollis,Warren Tsai,West,Ultra High Net Worth,Roth IRA,International Equity,0.1498,477822.6
A00042,Jennifer Hollis,Warren Tsai,West,Ultra High Net Worth,Roth IRA,Fixed Income,0.2683,855913.19
A00042,Jennifer Hollis,Warren Tsai,West,Ultra High Net Worth,Roth IRA,Cash & Equivalents,0.036,114841.8
A00042,Jennifer Hollis,Warren Tsai,West,Ultra High Net Worth,Roth IRA,Alternatives,0.1135,362003.1
A00043,Jennifer Hollis,Warren Tsai,West,Ultra High Net Worth,Taxable Brokerage,US Equity,0.3353,1546853.04
A00043,Jennifer Hollis,Warren Tsai,West,Ultra High Net Worth,Taxable Brokerage,International Equity,0.1952,900434.44
A00043,Jennifer Hollis,Warren Tsai,West,Ultra High Net Worth,Taxable Brokerage,Fixed Income,0.1553,716418.19
A00043,Jennifer Hollis,Warren Tsai,West,Ultra High Net Worth,Taxable Brokerage,Cash & Equivalents,0.0687,316787.36
A00043,Jennifer Hollis,Warren Tsai,West,Ultra High Net Worth,Taxable Brokerage,Alternatives,0.2456,1133343.97
A00044,Robert Castellano,Aisha Bello,Northeast,Mass Affluent,Taxable Brokerage,US Equity,0.4885,75189.29
A00044,Robert Castellano,Aisha Bello,Northeast,Mass Affluent,Taxable Brokerage,International Equity,0.1338,20596.9
A00044,Robert Castellano,Aisha Bello,Northeast,Mass Affluent,Taxable Brokerage,Fixed Income,0.2611,40196.94
A00044,Robert Castellano,Aisha Bello,Northeast,Mass Affluent,Taxable Brokerage,Cash & Equivalents,0.1069,16448.56
A00044,Robert Castellano,Aisha Bello,Northeast,Mass Affluent,Taxable Brokerage,Alternatives,0.0097,1496.03
A00045,Robert Castellano,Aisha Bello,Northeast,Mass Affluent,Trust,US Equity,0.4079,37691.28
A00045,Robert Castellano,Aisha Bello,Northeast,Mass Affluent,Trust,International Equity,0.1922,17760.28
A00045,Robert Castellano,Aisha Bello,Northeast,Mass Affluent,Trust,Fixed Income,0.2635,24350.08
A00045,Robert Castellano,Aisha Bello,Northeast,Mass Affluent,Trust,Cash & Equivalents,0.0733,6772.07
A00045,Robert Castellano,Aisha Bello,Northeast,Mass Affluent,Trust,Alternatives,0.063,5822.47
A00046,Robert Castellano,Aisha Bello,Northeast,Mass Affluent,Roth IRA,US Equity,0.4649,43175.17
A00046,Robert Castellano,Aisha Bello,Northeast,Mass Affluent,Roth IRA,International Equity,0.1628,15121.91
A00046,Robert Castellano,Aisha Bello,Northeast,Mass Affluent,Roth IRA,Fixed Income,0.2685,24937.36
A00046,Robert Castellano,Aisha Bello,Northeast,Mass Affluent,Roth IRA,Cash & Equivalents,0.0939,8716.65
A00046,Robert Castellano,Aisha Bello,Northeast,Mass Affluent,Roth IRA,Alternatives,0.0098,912.01
A00047,Cynthia Vance,Aisha Bello,Northeast,Mass Affluent,401(k) Rollover,US Equity,0.4293,64337.42
A00047,Cynthia Vance,Aisha Bello,Northeast,Mass Affluent,401(k) Rollover,International Equity,0.1678,25140.4
A00047,Cynthia Vance,Aisha Bello,Northeast,Mass Affluent,401(k) Rollover,Fixed Income,0.3013,45155.64
A00047,Cynthia Vance,Aisha Bello,Northeast,Mass Affluent,401(k) Rollover,Cash & Equivalents,0.0918,13754.88
A00047,Cynthia Vance,Aisha Bello,Northeast,Mass Affluent,401(k) Rollover,Alternatives,0.0098,1467.07
A00048,Cynthia Vance,Aisha Bello,Northeast,Mass Affluent,Taxable Brokerage,US Equity,0.4675,54895.94
A00048,Cynthia Vance,Aisha Bello,Northeast,Mass Affluent,Taxable Brokerage,International Equity,0.1688,19822.0
A00048,Cynthia Vance,Aisha Bello,Northeast,Mass Affluent,Taxable Brokerage,Fixed Income,0.2995,35163.25
A00048,Cynthia Vance,Aisha Bello,Northeast,Mass Affluent,Taxable Brokerage,Cash & Equivalents,0.0226,2655.44
A00048,Cynthia Vance,Aisha Bello,Northeast,Mass Affluent,Taxable Brokerage,Alternatives,0.0416,4883.07
A00049,Michael Reyes,Warren Tsai,West,Mass Affluent,401(k) Rollover,US Equity,0.4152,23432.17
A00049,Michael Reyes,Warren Tsai,West,Mass Affluent,401(k) Rollover,International Equity,0.1837,10366.16
A00049,Michael Reyes,Warren Tsai,West,Mass Affluent,401(k) Rollover,Fixed Income,0.2913,16443.01
A00049,Michael Reyes,Warren Tsai,West,Mass Affluent,401(k) Rollover,Cash & Equivalents,0.0823,4645.7
A00049,Michael Reyes,Warren Tsai,West,Mass Affluent,401(k) Rollover,Alternatives,0.0275,1550.7
A00050,Michael Reyes,Warren Tsai,West,Mass Affluent,Roth IRA,US Equity,0.4595,38790.87
A00050,Michael Reyes,Warren Tsai,West,Mass Affluent,Roth IRA,International Equity,0.1614,13627.1
A00050,Michael Reyes,Warren Tsai,West,Mass Affluent,Roth IRA,Fixed Income,0.3283,27714.98
A00050,Michael Reyes,Warren Tsai,West,Mass Affluent,Roth IRA,Cash & Equivalents,0.0406,3428.14
A00050,Michael Reyes,Warren Tsai,West,Mass Affluent,Roth IRA,Alternatives,0.0101,855.22
A00051,Michael Reyes,Warren Tsai,West,Mass Affluent,Traditional IRA,US Equity,0.4793,27733.42
A00051,Michael Reyes,Warren Tsai,West,Mass Affluent,Traditional IRA,International Equity,0.1206,6980.52
A00051,Michael Reyes,Warren Tsai,West,Mass Affluent,Traditional IRA,Fixed Income,0.3081,17830.88
A00051,Michael Reyes,Warren Tsai,West,Mass Affluent,Traditional IRA,Cash & Equivalents,0.0822,4759.37
A00051,Michael Reyes,Warren Tsai,West,Mass Affluent,Traditional IRA,Alternatives,0.0097,563.36
A00052,James Underhill,Warren Tsai,West,Mass Affluent,Trust,US Equity,0.4454,54765.25
A00052,James Underhill,Warren Tsai,West,Mass Affluent,Trust,International Equity,0.1882,23145.53
A00052,James Underhill,Warren Tsai,West,Mass Affluent,Trust,Fixed Income,0.2765,33992.09
A00052,James Underhill,Warren Tsai,West,Mass Affluent,Trust,Cash & Equivalents,0.0582,7158.23
A00052,James Underhill,Warren Tsai,West,Mass Affluent,Trust,Alternatives,0.0317,3892.73
A00053,William Tavares,Warren Tsai,West,Mass Affluent,Taxable Brokerage,US Equity,0.4921,108553.36
A00053,William Tavares,Warren Tsai,West,Mass Affluent,Taxable Brokerage,International Equity,0.1541,33984.63
A00053,William Tavares,Warren Tsai,West,Mass Affluent,Taxable Brokerage,Fixed Income,0.2393,52773.59
A00053,William Tavares,Warren Tsai,West,Mass Affluent,Taxable Brokerage,Cash & Equivalents,0.0872,19232.49
A00053,William Tavares,Warren Tsai,West,Mass Affluent,Taxable Brokerage,Alternatives,0.0274,6035.05
A00054,Steven Mbeki,Aisha Bello,Northeast,High Net Worth,Trust,US Equity,0.3906,416129.05
A00054,Steven Mbeki,Aisha Bello,Northeast,High Net Worth,Trust,International Equity,0.2097,223413.22
A00054,Steven Mbeki,Aisha Bello,Northeast,High Net Worth,Trust,Fixed Income,0.2483,264548.61
A00054,Steven Mbeki,Aisha Bello,Northeast,High Net Worth,Trust,Cash & Equivalents,0.0597,63589.98
A00054,Steven Mbeki,Aisha Bello,Northeast,High Net Worth,Trust,Alternatives,0.0918,97793.17
A00055,Steven Mbeki,Aisha Bello,Northeast,High Net Worth,401(k) Rollover,US Equity,0.3897,388481.47
A00055,Steven Mbeki,Aisha Bello,Northeast,High Net Worth,401(k) Rollover,International Equity,0.1577,157211.09
A00055,Steven Mbeki,Aisha Bello,Northeast,High Net Worth,401(k) Rollover,Fixed Income,0.2905,289555.8
A00055,Steven Mbeki,Aisha Bello,Northeast,High Net Worth,401(k) Rollover,Cash & Equivalents,0.0385,38418.48
A00055,Steven Mbeki,Aisha Bello,Northeast,High Net Worth,401(k) Rollover,Alternatives,0.1235,123087.38
A00056,Deborah Vasquez,Priya Raghunathan,Midwest,High Net Worth,Taxable Brokerage,US Equity,0.4177,291235.84
A00056,Deborah Vasquez,Priya Raghunathan,Midwest,High Net Worth,Taxable Brokerage,International Equity,0.1358,94695.94
A00056,Deborah Vasquez,Priya Raghunathan,Midwest,High Net Worth,Taxable Brokerage,Fixed Income,0.2286,159411.2
A00056,Deborah Vasquez,Priya Raghunathan,Midwest,High Net Worth,Taxable Brokerage,Cash & Equivalents,0.0866,60374.76
A00056,Deborah Vasquez,Priya Raghunathan,Midwest,High Net Worth,Taxable Brokerage,Alternatives,0.1313,91516.47
A00057,Deborah Vasquez,Priya Raghunathan,Midwest,High Net Worth,Trust,US Equity,0.4316,444221.77
A00057,Deborah Vasquez,Priya Raghunathan,Midwest,High Net Worth,Trust,International Equity,0.1702,175213.43
A00057,Deborah Vasquez,Priya Raghunathan,Midwest,High Net Worth,Trust,Fixed Income,0.2708,278695.55
A00057,Deborah Vasquez,Priya Raghunathan,Midwest,High Net Worth,Trust,Cash & Equivalents,0.0557,57330.5
A00057,Deborah Vasquez,Priya Raghunathan,Midwest,High Net Worth,Trust,Alternatives,0.0716,73727.02
A00058,Rebecca Grimaldi,Warren Tsai,West,High Net Worth,Roth IRA,US Equity,0.4744,566537.84
A00058,Rebecca Grimaldi,Warren Tsai,West,High Net Worth,Roth IRA,International Equity,0.1961,234196.82
A00058,Rebecca Grimaldi,Warren Tsai,West,High Net Worth,Roth IRA,Fixed Income,0.2196,262236.29
A00058,Rebecca Grimaldi,Warren Tsai,West,High Net Worth,Roth IRA,Cash & Equivalents,0.0819,97764.63
A00058,Rebecca Grimaldi,Warren Tsai,West,High Net Worth,Roth IRA,Alternatives,0.0279,33368.51
A00059,Rebecca Grimaldi,Warren Tsai,West,High Net Worth,Traditional IRA,US Equity,0.4173,612284.95
A00059,Rebecca Grimaldi,Warren Tsai,West,High Net Worth,Traditional IRA,International Equity,0.1223,179419.41
A00059,Rebecca Grimaldi,Warren Tsai,West,High Net Worth,Traditional IRA,Fixed Income,0.2364,346934.26
A00059,Rebecca Grimaldi,Warren Tsai,West,High Net Worth,Traditional IRA,Cash & Equivalents,0.0651,95519.69
A00059,Rebecca Grimaldi,Warren Tsai,West,High Net Worth,Traditional IRA,Alternatives,0.1589,233214.9
A00060,Andrew Lindqvist,Dana Whitfield,Midwest,Mass Affluent,401(k) Rollover,US Equity,0.4769,38848.37
A00060,Andrew Lindqvist,Dana Whitfield,Midwest,Mass Affluent,401(k) Rollover,International Equity,0.1743,14196.62
A00060,Andrew Lindqvist,Dana Whitfield,Midwest,Mass Affluent,401(k) Rollover,Fixed Income,0.2194,17875.41
A00060,Andrew Lindqvist,Dana Whitfield,Midwest,Mass Affluent,401(k) Rollover,Cash & Equivalents,0.0758,6173.06
A00060,Andrew Lindqvist,Dana Whitfield,Midwest,Mass Affluent,401(k) Rollover,Alternatives,0.0536,4367.97
A00061,Andrew Lindqvist,Dana Whitfield,Midwest,Mass Affluent,Traditional IRA,US Equity,0.5052,87411.29
A00061,Andrew Lindqvist,Dana Whitfield,Midwest,Mass Affluent,Traditional IRA,International Equity,0.1184,20482.35
A00061,Andrew Lindqvist,Dana Whitfield,Midwest,Mass Affluent,Traditional IRA,Fixed Income,0.2734,47308.27
A00061,Andrew Lindqvist,Dana Whitfield,Midwest,Mass Affluent,Traditional IRA,Cash & Equivalents,0.0696,12044.32
A00061,Andrew Lindqvist,Dana Whitfield,Midwest,Mass Affluent,Traditional IRA,Alternatives,0.0334,5782.26
A00062,Matthew Vasquez,Nina Castellanos,Southeast,High Net Worth,Taxable Brokerage,US Equity,0.481,1912839.72
A00062,Matthew Vasquez,Nina Castellanos,Southeast,High Net Worth,Taxable Brokerage,International Equity,0.1859,739493.43
A00062,Matthew Vasquez,Nina Castellanos,Southeast,High Net Worth,Taxable Brokerage,Fixed Income,0.2471,982669.26
A00062,Matthew Vasquez,Nina Castellanos,Southeast,High Net Worth,Taxable Brokerage,Cash & Equivalents,0.0194,77113.32
A00062,Matthew Vasquez,Nina Castellanos,Southeast,High Net Worth,Taxable Brokerage,Alternatives,0.0666,264865.19
A00063,Andrew Underhill,Elise Fontaine,Southeast,Mass Affluent,Taxable Brokerage,US Equity,0.4073,39126.73
A00063,Andrew Underhill,Elise Fontaine,Southeast,Mass Affluent,Taxable Brokerage,International Equity,0.1378,13241.42
A00063,Andrew Underhill,Elise Fontaine,Southeast,Mass Affluent,Taxable Brokerage,Fixed Income,0.3448,33122.77
A00063,Andrew Underhill,Elise Fontaine,Southeast,Mass Affluent,Taxable Brokerage,Cash & Equivalents,0.0736,7074.68
A00063,Andrew Underhill,Elise Fontaine,Southeast,Mass Affluent,Taxable Brokerage,Alternatives,0.0364,3500.62
A00064,Jeffrey Reyes,Rowan Blackwell,Southeast,Mass Affluent,Roth IRA,US Equity,0.5149,114483.42
A00064,Jeffrey Reyes,Rowan Blackwell,Southeast,Mass Affluent,Roth IRA,International Equity,0.1355,30133.7
A00064,Jeffrey Reyes,Rowan Blackwell,Southeast,Mass Affluent,Roth IRA,Fixed Income,0.2746,61046.97
A00064,Jeffrey Reyes,Rowan Blackwell,Southeast,Mass Affluent,Roth IRA,Cash & Equivalents,0.0642,14277.83
A00064,Jeffrey Reyes,Rowan Blackwell,Southeast,Mass Affluent,Roth IRA,Alternatives,0.0108,2396.63
A00065,Jeffrey Reyes,Rowan Blackwell,Southeast,Mass Affluent,Traditional IRA,US Equity,0.4873,85322.42
A00065,Jeffrey Reyes,Rowan Blackwell,Southeast,Mass Affluent,Traditional IRA,International Equity,0.1472,25778.64
A00065,Jeffrey Reyes,Rowan Blackwell,Southeast,Mass Affluent,Traditional IRA,Fixed Income,0.2724,47707.06
A00065,Jeffrey Reyes,Rowan Blackwell,Southeast,Mass Affluent,Traditional IRA,Cash & Equivalents,0.0832,14565.6
A00065,Jeffrey Reyes,Rowan Blackwell,Southeast,Mass Affluent,Traditional IRA,Alternatives,0.0099,1731.49
A00067,Nancy Sandoval,Tomas Herrera,Northeast,Ultra High Net Worth,401(k) Rollover,US Equity,0.3363,1320909.33
A00067,Nancy Sandoval,Tomas Herrera,Northeast,Ultra High Net Worth,401(k) Rollover,International Equity,0.2337,918026.83
A00067,Nancy Sandoval,Tomas Herrera,Northeast,Ultra High Net Worth,401(k) Rollover,Fixed Income,0.1722,676324.41
A00067,Nancy Sandoval,Tomas Herrera,Northeast,Ultra High Net Worth,401(k) Rollover,Cash & Equivalents,0.0975,382919.63
A00067,Nancy Sandoval,Tomas Herrera,Northeast,Ultra High Net Worth,401(k) Rollover,Alternatives,0.1604,630154.07
A00068,Nancy Sandoval,Tomas Herrera,Northeast,Ultra High Net Worth,Trust,US Equity,0.3744,1155317.74
A00068,Nancy Sandoval,Tomas Herrera,Northeast,Ultra High Net Worth,Trust,International Equity,0.1957,603733.88
A00068,Nancy Sandoval,Tomas Herrera,Northeast,Ultra High Net Worth,Trust,Fixed Income,0.1722,531459.81
A00068,Nancy Sandoval,Tomas Herrera,Northeast,Ultra High Net Worth,Trust,Cash & Equivalents,0.0593,183059.35
A00068,Nancy Sandoval,Tomas Herrera,Northeast,Ultra High Net Worth,Trust,Alternatives,0.1983,611944.61
A00069,Michael Nguyen,Tomas Herrera,Northeast,Mass Affluent,Roth IRA,US Equity,0.445,141585.3
A00069,Michael Nguyen,Tomas Herrera,Northeast,Mass Affluent,Roth IRA,International Equity,0.1582,50344.16
A00069,Michael Nguyen,Tomas Herrera,Northeast,Mass Affluent,Roth IRA,Fixed Income,0.27,85928.54
A00069,Michael Nguyen,Tomas Herrera,Northeast,Mass Affluent,Roth IRA,Cash & Equivalents,0.1055,33562.4
A00069,Michael Nguyen,Tomas Herrera,Northeast,Mass Affluent,Roth IRA,Alternatives,0.0213,6783.92
A00070,Robert Mbeki,Elise Fontaine,Southeast,Mass Affluent,401(k) Rollover,US Equity,0.4283,52503.58
A00070,Robert Mbeki,Elise Fontaine,Southeast,Mass Affluent,401(k) Rollover,International Equity,0.1932,23684.96
A00070,Robert Mbeki,Elise Fontaine,Southeast,Mass Affluent,401(k) Rollover,Fixed Income,0.2454,30074.04
A00070,Robert Mbeki,Elise Fontaine,Southeast,Mass Affluent,401(k) Rollover,Cash & Equivalents,0.0858,10518.41
A00070,Robert Mbeki,Elise Fontaine,Southeast,Mass Affluent,401(k) Rollover,Alternatives,0.0473,5792.63
A00071,Robert Mbeki,Elise Fontaine,Southeast,Mass Affluent,Traditional IRA,US Equity,0.4183,30574.82
A00071,Robert Mbeki,Elise Fontaine,Southeast,Mass Affluent,Traditional IRA,International Equity,0.1245,9100.62
A00071,Robert Mbeki,Elise Fontaine,Southeast,Mass Affluent,Traditional IRA,Fixed Income,0.2955,21604.22
A00071,Robert Mbeki,Elise Fontaine,Southeast,Mass Affluent,Traditional IRA,Cash & Equivalents,0.1219,8914.28
A00071,Robert Mbeki,Elise Fontaine,Southeast,Mass Affluent,Traditional IRA,Alternatives,0.0398,2907.67
A00072,Robert Mbeki,Elise Fontaine,Southeast,Mass Affluent,Trust,US Equity,0.4114,16269.11
A00072,Robert Mbeki,Elise Fontaine,Southeast,Mass Affluent,Trust,International Equity,0.1796,7101.21
A00072,Robert Mbeki,Elise Fontaine,Southeast,Mass Affluent,Trust,Fixed Income,0.2977,11773.59
A00072,Robert Mbeki,Elise Fontaine,Southeast,Mass Affluent,Trust,Cash & Equivalents,0.0879,3476.79
A00072,Robert Mbeki,Elise Fontaine,Southeast,Mass Affluent,Trust,Alternatives,0.0233,923.11
A00073,Robert Mbeki,Elise Fontaine,Southeast,Mass Affluent,Taxable Brokerage,US Equity,0.4656,74215.53
A00073,Robert Mbeki,Elise Fontaine,Southeast,Mass Affluent,Taxable Brokerage,International Equity,0.1436,22881.83
A00073,Robert Mbeki,Elise Fontaine,Southeast,Mass Affluent,Taxable Brokerage,Fixed Income,0.2973,47385.8
A00073,Robert Mbeki,Elise Fontaine,Southeast,Mass Affluent,Taxable Brokerage,Cash & Equivalents,0.0464,7402.18
A00073,Robert Mbeki,Elise Fontaine,Southeast,Mass Affluent,Taxable Brokerage,Alternatives,0.0471,7510.83
A00074,Patricia Fairbanks,Rowan Blackwell,Southeast,Mass Affluent,401(k) Rollover,US Equity,0.4156,71353.38
A00074,Patricia Fairbanks,Rowan Blackwell,Southeast,Mass Affluent,401(k) Rollover,International Equity,0.1694,29085.2
A00074,Patricia Fairbanks,Rowan Blackwell,Southeast,Mass Affluent,401(k) Rollover,Fixed Income,0.2516,43193.54
A00074,Patricia Fairbanks,Rowan Blackwell,Southeast,Mass Affluent,401(k) Rollover,Cash & Equivalents,0.0675,11590.64
A00074,Patricia Fairbanks,Rowan Blackwell,Southeast,Mass Affluent,401(k) Rollover,Alternatives,0.0959,16456.74
A00075,Timothy Emmerich,Warren Tsai,West,High Net Worth,401(k) Rollover,US Equity,0.3952,1048516.39
A00075,Timothy Emmerich,Warren Tsai,West,High Net Worth,401(k) Rollover,International Equity,0.1476,391640.76
A00075,Timothy Emmerich,Warren Tsai,West,High Net Worth,401(k) Rollover,Fixed Income,0.3037,805665.88
A00075,Timothy Emmerich,Warren Tsai,West,High Net Worth,401(k) Rollover,Cash & Equivalents,0.0615,163246.21
A00075,Timothy Emmerich,Warren Tsai,West,High Net Worth,401(k) Rollover,Alternatives,0.0919,243879.43
A00076,Melissa Okonkwo,Rowan Blackwell,Southeast,Ultra High Net Worth,Taxable Brokerage,US Equity,0.4027,4919570.05
A00076,Melissa Okonkwo,Rowan Blackwell,Southeast,Ultra High Net Worth,Taxable Brokerage,International Equity,0.2041,2493159.33
A00076,Melissa Okonkwo,Rowan Blackwell,Southeast,Ultra High Net Worth,Taxable Brokerage,Fixed Income,0.1651,2016596.83
A00076,Melissa Okonkwo,Rowan Blackwell,Southeast,Ultra High Net Worth,Taxable Brokerage,Cash & Equivalents,0.0259,315981.52
A00076,Melissa Okonkwo,Rowan Blackwell,Southeast,Ultra High Net Worth,Taxable Brokerage,Alternatives,0.2023,2470934.26
A00078,Melissa Okonkwo,Rowan Blackwell,Southeast,Ultra High Net Worth,Trust,US Equity,0.4044,647622.67
A00078,Melissa Okonkwo,Rowan Blackwell,Southeast,Ultra High Net Worth,Trust,International Equity,0.2001,320358.65
A00078,Melissa Okonkwo,Rowan Blackwell,Southeast,Ultra High Net Worth,Trust,Fixed Income,0.1914,306489.32
A00078,Melissa Okonkwo,Rowan Blackwell,Southeast,Ultra High Net Worth,Trust,Cash & Equivalents,0.0198,31716.46
A00078,Melissa Okonkwo,Rowan Blackwell,Southeast,Ultra High Net Worth,Trust,Alternatives,0.1843,295094.61
A00079,Melissa Okonkwo,Rowan Blackwell,Southeast,Ultra High Net Worth,Roth IRA,US Equity,0.3865,1987014.78
A00079,Melissa Okonkwo,Rowan Blackwell,Southeast,Ultra High Net Worth,Roth IRA,International Equity,0.1814,932464.18
A00079,Melissa Okonkwo,Rowan Blackwell,Southeast,Ultra High Net Worth,Roth IRA,Fixed Income,0.2588,1330445.79
A00079,Melissa Okonkwo,Rowan Blackwell,Southeast,Ultra High Net Worth,Roth IRA,Cash & Equivalents,0.014,72043.41
A00079,Melissa Okonkwo,Rowan Blackwell,Southeast,Ultra High Net Worth,Roth IRA,Alternatives,0.1594,819371.29
A00080,Jason Ashford,Dana Whitfield,Midwest,Ultra High Net Worth,401(k) Rollover,US Equity,0.3109,607058.04
A00080,Jason Ashford,Dana Whitfield,Midwest,Ultra High Net Worth,401(k) Rollover,International Equity,0.2335,455889.48
A00080,Jason Ashford,Dana Whitfield,Midwest,Ultra High Net Worth,401(k) Rollover,Fixed Income,0.2264,442048.52
A00080,Jason Ashford,Dana Whitfield,Midwest,Ultra High Net Worth,401(k) Rollover,Cash & Equivalents,0.0394,76850.6
A00080,Jason Ashford,Dana Whitfield,Midwest,Ultra High Net Worth,401(k) Rollover,Alternatives,0.1899,370715.14
A00081,Jason Ashford,Dana Whitfield,Midwest,Ultra High Net Worth,Trust,US Equity,0.3915,1334139.4
A00081,Jason Ashford,Dana Whitfield,Midwest,Ultra High Net Worth,Trust,International Equity,0.1984,676134.21
A00081,Jason Ashford,Dana Whitfield,Midwest,Ultra High Net Worth,Trust,Fixed Income,0.1578,537617.75
A00081,Jason Ashford,Dana Whitfield,Midwest,Ultra High Net Worth,Trust,Cash & Equivalents,0.0502,171237.51
A00081,Jason Ashford,Dana Whitfield,Midwest,Ultra High Net Worth,Trust,Alternatives,0.2021,688685.28
A00082,Jason Ashford,Dana Whitfield,Midwest,Ultra High Net Worth,Roth IRA,US Equity,0.3288,2833785.15
A00082,Jason Ashford,Dana Whitfield,Midwest,Ultra High Net Worth,Roth IRA,International Equity,0.2527,2177583.82
A00082,Jason Ashford,Dana Whitfield,Midwest,Ultra High Net Worth,Roth IRA,Fixed Income,0.179,1543076.56
A00082,Jason Ashford,Dana Whitfield,Midwest,Ultra High Net Worth,Roth IRA,Cash & Equivalents,0.0564,486159.26
A00082,Jason Ashford,Dana Whitfield,Midwest,Ultra High Net Worth,Roth IRA,Alternatives,0.1831,1577807.18
A00083,Kenneth Reyes,Grant Sheffield,Northeast,High Net Worth,Taxable Brokerage,US Equity,0.4752,406740.16
A00083,Kenneth Reyes,Grant Sheffield,Northeast,High Net Worth,Taxable Brokerage,International Equity,0.1366,116898.09
A00083,Kenneth Reyes,Grant Sheffield,Northeast,High Net Worth,Taxable Brokerage,Fixed Income,0.2359,201873.43
A00083,Kenneth Reyes,Grant Sheffield,Northeast,High Net Worth,Taxable Brokerage,Cash & Equivalents,0.0702,60060.27
A00083,Kenneth Reyes,Grant Sheffield,Northeast,High Net Worth,Taxable Brokerage,Alternatives,0.0822,70347.4
A00084,Kenneth Reyes,Grant Sheffield,Northeast,High Net Worth,Traditional IRA,US Equity,0.4396,295052.76
A00084,Kenneth Reyes,Grant Sheffield,Northeast,High Net Worth,Traditional IRA,International Equity,0.2012,135051.5
A00084,Kenneth Reyes,Grant Sheffield,Northeast,High Net Worth,Traditional IRA,Fixed Income,0.2352,157867.26
A00084,Kenneth Reyes,Grant Sheffield,Northeast,High Net Worth,Traditional IRA,Cash & Equivalents,0.0223,14990.55
A00084,Kenneth Reyes,Grant Sheffield,Northeast,High Net Worth,Traditional IRA,Alternatives,0.1016,68183.48
A00085,Joshua Quinlan,Dana Whitfield,Midwest,Mass Affluent,401(k) Rollover,US Equity,0.4064,35159.49
A00085,Joshua Quinlan,Dana Whitfield,Midwest,Mass Affluent,401(k) Rollover,International Equity,0.1885,16310.28
A00085,Joshua Quinlan,Dana Whitfield,Midwest,Mass Affluent,401(k) Rollover,Fixed Income,0.2671,23105.97
A00085,Joshua Quinlan,Dana Whitfield,Midwest,Mass Affluent,401(k) Rollover,Cash & Equivalents,0.1283,11095.47
A00085,Joshua Quinlan,Dana Whitfield,Midwest,Mass Affluent,401(k) Rollover,Alternatives,0.0097,837.04
A00086,Joshua Quinlan,Dana Whitfield,Midwest,Mass Affluent,Roth IRA,US Equity,0.4327,57783.16
A00086,Joshua Quinlan,Dana Whitfield,Midwest,Mass Affluent,Roth IRA,International Equity,0.2214,29560.93
A00086,Joshua Quinlan,Dana Whitfield,Midwest,Mass Affluent,Roth IRA,Fixed Income,0.2503,33430.93
A00086,Joshua Quinlan,Dana Whitfield,Midwest,Mass Affluent,Roth IRA,Cash & Equivalents,0.0864,11539.66
A00086,Joshua Quinlan,Dana Whitfield,Midwest,Mass Affluent,Roth IRA,Alternatives,0.0092,1222.72
A00087,Sandra Dunmore,Rowan Blackwell,Southeast,Mass Affluent,401(k) Rollover,US Equity,0.4755,30138.44
A00087,Sandra Dunmore,Rowan Blackwell,Southeast,Mass Affluent,401(k) Rollover,International Equity,0.1658,10505.96
A00087,Sandra Dunmore,Rowan Blackwell,Southeast,Mass Affluent,401(k) Rollover,Fixed Income,0.244,15466.28
A00087,Sandra Dunmore,Rowan Blackwell,Southeast,Mass Affluent,401(k) Rollover,Cash & Equivalents,0.0699,4430.86
A00087,Sandra Dunmore,Rowan Blackwell,Southeast,Mass Affluent,401(k) Rollover,Alternatives,0.0447,2834.9
A00088,Sandra Dunmore,Rowan Blackwell,Southeast,Mass Affluent,Roth IRA,US Equity,0.4871,51112.37
A00088,Sandra Dunmore,Rowan Blackwell,Southeast,Mass Affluent,Roth IRA,International Equity,0.181,18996.07
A00088,Sandra Dunmore,Rowan Blackwell,Southeast,Mass Affluent,Roth IRA,Fixed Income,0.2937,30820.22
A00088,Sandra Dunmore,Rowan Blackwell,Southeast,Mass Affluent,Roth IRA,Cash & Equivalents,0.0272,2857.94
A00088,Sandra Dunmore,Rowan Blackwell,Southeast,Mass Affluent,Roth IRA,Alternatives,0.0109,1143.75
A00089,Andrew Nakamura,Warren Tsai,West,High Net Worth,Roth IRA,US Equity,0.3906,681970.2
A00089,Andrew Nakamura,Warren Tsai,West,High Net Worth,Roth IRA,International Equity,0.2178,380294.64
A00089,Andrew Nakamura,Warren Tsai,West,High Net Worth,Roth IRA,Fixed Income,0.2434,425025.51
A00089,Andrew Nakamura,Warren Tsai,West,High Net Worth,Roth IRA,Cash & Equivalents,0.0193,33631.94
A00089,Andrew Nakamura,Warren Tsai,West,High Net Worth,Roth IRA,Alternatives,0.129,225231.73
A00090,Andrew Nakamura,Warren Tsai,West,High Net Worth,401(k) Rollover,US Equity,0.4586,437553.23
A00090,Andrew Nakamura,Warren Tsai,West,High Net Worth,401(k) Rollover,International Equity,0.211,201287.64
A00090,Andrew Nakamura,Warren Tsai,West,High Net Worth,401(k) Rollover,Fixed Income,0.1962,187177.9
A00090,Andrew Nakamura,Warren Tsai,West,High Net Worth,401(k) Rollover,Cash & Equivalents,0.0133,12715.07
A00090,Andrew Nakamura,Warren Tsai,West,High Net Worth,401(k) Rollover,Alternatives,0.1209,115317.39
A00091,Deborah Zabala,Warren Tsai,West,Mass Affluent,Traditional IRA,US Equity,0.4657,165331.44
A00091,Deborah Zabala,Warren Tsai,West,Mass Affluent,Traditional IRA,International Equity,0.1531,54352.87
A00091,Deborah Zabala,Warren Tsai,West,Mass Affluent,Traditional IRA,Fixed Income,0.2693,95626.31
A00091,Deborah Zabala,Warren Tsai,West,Mass Affluent,Traditional IRA,Cash & Equivalents,0.0475,16847.21
A00091,Deborah Zabala,Warren Tsai,West,Mass Affluent,Traditional IRA,Alternatives,0.0645,22891.87
A00092,Edward Reyes,Camille Okafor,West,Mass Affluent,Traditional IRA,US Equity,0.4332,54878.14
A00092,Edward Reyes,Camille Okafor,West,Mass Affluent,Traditional IRA,International Equity,0.1668,21128.86
A00092,Edward Reyes,Camille Okafor,West,Mass Affluent,Traditional IRA,Fixed Income,0.2755,34905.33
A00092,Edward Reyes,Camille Okafor,West,Mass Affluent,Traditional IRA,Cash & Equivalents,0.103,13042.4
A00092,Edward Reyes,Camille Okafor,West,Mass Affluent,Traditional IRA,Alternatives,0.0215,2726.6
A00093,Edward Reyes,Camille Okafor,West,Mass Affluent,Taxable Brokerage,US Equity,0.4909,25502.58
A00093,Edward Reyes,Camille Okafor,West,Mass Affluent,Taxable Brokerage,International Equity,0.142,7379.79
A00093,Edward Reyes,Camille Okafor,West,Mass Affluent,Taxable Brokerage,Fixed Income,0.2624,13631.22
A00093,Edward Reyes,Camille Okafor,West,Mass Affluent,Taxable Brokerage,Cash & Equivalents,0.0463,2404.55
A00093,Edward Reyes,Camille Okafor,West,Mass Affluent,Taxable Brokerage,Alternatives,0.0585,3037.62
A00094,Edward Reyes,Camille Okafor,West,Mass Affluent,Roth IRA,US Equity,0.4448,24708.13
A00094,Edward Reyes,Camille Okafor,West,Mass Affluent,Roth IRA,International Equity,0.1392,7732.45
A00094,Edward Reyes,Camille Okafor,West,Mass Affluent,Roth IRA,Fixed Income,0.2822,15679.2
A00094,Edward Reyes,Camille Okafor,West,Mass Affluent,Roth IRA,Cash & Equivalents,0.1246,6922.76
A00094,Edward Reyes,Camille Okafor,West,Mass Affluent,Roth IRA,Alternatives,0.0092,512.48
A00095,Matthew Ibarra,Nina Castellanos,Southeast,High Net Worth,Trust,US Equity,0.4134,528216.6
A00095,Matthew Ibarra,Nina Castellanos,Southeast,High Net Worth,Trust,International Equity,0.1152,147248.06
A00095,Matthew Ibarra,Nina Castellanos,Southeast,High Net Worth,Trust,Fixed Income,0.2787,356067.66
A00095,Matthew Ibarra,Nina Castellanos,Southeast,High Net Worth,Trust,Cash & Equivalents,0.0277,35361.16
A00095,Matthew Ibarra,Nina Castellanos,Southeast,High Net Worth,Trust,Alternatives,0.165,210834.87
A00096,Matthew Ibarra,Nina Castellanos,Southeast,High Net Worth,Taxable Brokerage,US Equity,0.4203,276867.51
A00096,Matthew Ibarra,Nina Castellanos,Southeast,High Net Worth,Taxable Brokerage,International Equity,0.1499,98784.97
A00096,Matthew Ibarra,Nina Castellanos,Southeast,High Net Worth,Taxable Brokerage,Fixed Income,0.2404,158407.33
A00096,Matthew Ibarra,Nina Castellanos,Southeast,High Net Worth,Taxable Brokerage,Cash & Equivalents,0.0705,46459.6
A00096,Matthew Ibarra,Nina Castellanos,Southeast,High Net Worth,Taxable Brokerage,Alternatives,0.1188,78278.36
A00097,Matthew Ibarra,Nina Castellanos,Southeast,High Net Worth,401(k) Rollover,US Equity,0.4955,711858.64
A00097,Matthew Ibarra,Nina Castellanos,Southeast,High Net Worth,401(k) Rollover,International Equity,0.1529,219655.21
A00097,Matthew Ibarra,Nina Castellanos,Southeast,High Net Worth,401(k) Rollover,Fixed Income,0.2787,400391.93
A00097,Matthew Ibarra,Nina Castellanos,Southeast,High Net Worth,401(k) Rollover,Cash & Equivalents,0.0112,16065.53
A00097,Matthew Ibarra,Nina Castellanos,Southeast,High Net Worth,401(k) Rollover,Alternatives,0.0617,88623.21
A00098,Joshua Lockhart,Marcus Ellery,Midwest,High Net Worth,Traditional IRA,US Equity,0.3943,655534.26
A00098,Joshua Lockhart,Marcus Ellery,Midwest,High Net Worth,Traditional IRA,International Equity,0.173,287683.37
A00098,Joshua Lockhart,Marcus Ellery,Midwest,High Net Worth,Traditional IRA,Fixed Income,0.233,387277.93
A00098,Joshua Lockhart,Marcus Ellery,Midwest,High Net Worth,Traditional IRA,Cash & Equivalents,0.0978,162584.72
A00098,Joshua Lockhart,Marcus Ellery,Midwest,High Net Worth,Traditional IRA,Alternatives,0.1019,169402.56
A00099,Ryan Ortega,Warren Tsai,West,Mass Affluent,401(k) Rollover,US Equity,0.4846,41824.57
A00099,Ryan Ortega,Warren Tsai,West,Mass Affluent,401(k) Rollover,International Equity,0.1673,14440.7
A00099,Ryan Ortega,Warren Tsai,West,Mass Affluent,401(k) Rollover,Fixed Income,0.2553,22035.59
A00099,Ryan Ortega,Warren Tsai,West,Mass Affluent,401(k) Rollover,Cash & Equivalents,0.059,5090.02
A00099,Ryan Ortega,Warren Tsai,West,Mass Affluent,401(k) Rollover,Alternatives,0.0337,2908.33
A00100,Ryan Ortega,Warren Tsai,West,Mass Affluent,Trust,US Equity,0.516,75257.61
A00100,Ryan Ortega,Warren Tsai,West,Mass Affluent,Trust,International Equity,0.1769,25792.67
A00100,Ryan Ortega,Warren Tsai,West,Mass Affluent,Trust,Fixed Income,0.2853,41606.19
A00100,Ryan Ortega,Warren Tsai,West,Mass Affluent,Trust,Cash & Equivalents,0.0102,1480.47
A00100,Ryan Ortega,Warren Tsai,West,Mass Affluent,Trust,Alternatives,0.0116,1697.47
A00101,Kenneth Nakamura,Declan Moreau,West,Mass Affluent,401(k) Rollover,US Equity,0.4396,73674.08
A00101,Kenneth Nakamura,Declan Moreau,West,Mass Affluent,401(k) Rollover,International Equity,0.1953,32736.33
A00101,Kenneth Nakamura,Declan Moreau,West,Mass Affluent,401(k) Rollover,Fixed Income,0.2778,46565.32
A00101,Kenneth Nakamura,Declan Moreau,West,Mass Affluent,401(k) Rollover,Cash & Equivalents,0.0408,6833.75
A00101,Kenneth Nakamura,Declan Moreau,West,Mass Affluent,401(k) Rollover,Alternatives,0.0465,7790.39
A00102,Michelle Hargrove,Rowan Blackwell,Southeast,High Net Worth,Taxable Brokerage,US Equity,0.4562,229811.4
A00102,Michelle Hargrove,Rowan Blackwell,Southeast,High Net Worth,Taxable Brokerage,International Equity,0.1792,90291.11
A00102,Michelle Hargrove,Rowan Blackwell,Southeast,High Net Worth,Taxable Brokerage,Fixed Income,0.2304,116069.27
A00102,Michelle Hargrove,Rowan Blackwell,Southeast,High Net Worth,Taxable Brokerage,Cash & Equivalents,0.0247,12463.23
A00102,Michelle Hargrove,Rowan Blackwell,Southeast,High Net Worth,Taxable Brokerage,Alternatives,0.1094,55115.75
A00104,Michelle Hargrove,Rowan Blackwell,Southeast,High Net Worth,Traditional IRA,US Equity,0.376,202974.36
A00104,Michelle Hargrove,Rowan Blackwell,Southeast,High Net Worth,Traditional IRA,International Equity,0.1482,80006.12
A00104,Michelle Hargrove,Rowan Blackwell,Southeast,High Net Worth,Traditional IRA,Fixed Income,0.2158,116499.91
A00104,Michelle Hargrove,Rowan Blackwell,Southeast,High Net Worth,Traditional IRA,Cash & Equivalents,0.1229,66361.22
A00104,Michelle Hargrove,Rowan Blackwell,Southeast,High Net Worth,Traditional IRA,Alternatives,0.137,73941.22
A00105,Michelle Hargrove,Rowan Blackwell,Southeast,High Net Worth,Roth IRA,US Equity,0.4664,224406.71
A00105,Michelle Hargrove,Rowan Blackwell,Southeast,High Net Worth,Roth IRA,International Equity,0.1561,75093.22
A00105,Michelle Hargrove,Rowan Blackwell,Southeast,High Net Worth,Roth IRA,Fixed Income,0.2682,129033.46
A00105,Michelle Hargrove,Rowan Blackwell,Southeast,High Net Worth,Roth IRA,Cash & Equivalents,0.0334,16062.82
A00105,Michelle Hargrove,Rowan Blackwell,Southeast,High Net Worth,Roth IRA,Alternatives,0.076,36560.69
A00106,James Fairbanks,Camille Okafor,West,Mass Affluent,Traditional IRA,US Equity,0.4282,140563.46
A00106,James Fairbanks,Camille Okafor,West,Mass Affluent,Traditional IRA,International Equity,0.174,57108.02
A00106,James Fairbanks,Camille Okafor,West,Mass Affluent,Traditional IRA,Fixed Income,0.2627,86258.15
A00106,James Fairbanks,Camille Okafor,West,Mass Affluent,Traditional IRA,Cash & Equivalents,0.0995,32672.68
A00106,James Fairbanks,Camille Okafor,West,Mass Affluent,Traditional IRA,Alternatives,0.0356,11688.39
A00107,Emily Ferreira,Grant Sheffield,Northeast,High Net Worth,Roth IRA,US Equity,0.3869,519677.44
A00107,Emily Ferreira,Grant Sheffield,Northeast,High Net Worth,Roth IRA,International Equity,0.1974,265116.21
A00107,Emily Ferreira,Grant Sheffield,Northeast,High Net Worth,Roth IRA,Fixed Income,0.1872,251413.39
A00107,Emily Ferreira,Grant Sheffield,Northeast,High Net Worth,Roth IRA,Cash & Equivalents,0.0199,26722.73
A00107,Emily Ferreira,Grant Sheffield,Northeast,High Net Worth,Roth IRA,Alternatives,0.2086,280142.06
A00108,Michelle Vasquez,Camille Okafor,West,Mass Affluent,Taxable Brokerage,US Equity,0.4564,39870.31
A00108,Michelle Vasquez,Camille Okafor,West,Mass Affluent,Taxable Brokerage,International Equity,0.2005,17511.73
A00108,Michelle Vasquez,Camille Okafor,West,Mass Affluent,Taxable Brokerage,Fixed Income,0.2799,24448.26
A00108,Michelle Vasquez,Camille Okafor,West,Mass Affluent,Taxable Brokerage,Cash & Equivalents,0.0542,4730.69
A00108,Michelle Vasquez,Camille Okafor,West,Mass Affluent,Taxable Brokerage,Alternatives,0.0091,793.4
A00109,Michelle Vasquez,Camille Okafor,West,Mass Affluent,Trust,US Equity,0.4882,112171.27
A00109,Michelle Vasquez,Camille Okafor,West,Mass Affluent,Trust,International Equity,0.1195,27463.08
A00109,Michelle Vasquez,Camille Okafor,West,Mass Affluent,Trust,Fixed Income,0.312,71691.12
A00109,Michelle Vasquez,Camille Okafor,West,Mass Affluent,Trust,Cash & Equivalents,0.011,2525.05
A00109,Michelle Vasquez,Camille Okafor,West,Mass Affluent,Trust,Alternatives,0.0693,15928.98
A00111,Charles Wexler,Tomas Herrera,Northeast,Mass Affluent,Trust,US Equity,0.4956,61241.44
A00111,Charles Wexler,Tomas Herrera,Northeast,Mass Affluent,Trust,International Equity,0.0744,9193.74
A00111,Charles Wexler,Tomas Herrera,Northeast,Mass Affluent,Trust,Fixed Income,0.355,43866.63
A00111,Charles Wexler,Tomas Herrera,Northeast,Mass Affluent,Trust,Cash & Equivalents,0.0634,7839.47
A00111,Charles Wexler,Tomas Herrera,Northeast,Mass Affluent,Trust,Alternatives,0.0115,1425.36
A00112,Charles Wexler,Tomas Herrera,Northeast,Mass Affluent,401(k) Rollover,US Equity,0.4517,33247.12
A00112,Charles Wexler,Tomas Herrera,Northeast,Mass Affluent,401(k) Rollover,International Equity,0.1626,11967.57
A00112,Charles Wexler,Tomas Herrera,Northeast,Mass Affluent,401(k) Rollover,Fixed Income,0.2487,18300.23
A00112,Charles Wexler,Tomas Herrera,Northeast,Mass Affluent,401(k) Rollover,Cash & Equivalents,0.0895,6584.44
A00112,Charles Wexler,Tomas Herrera,Northeast,Mass Affluent,401(k) Rollover,Alternatives,0.0475,3497.19
A00113,Charles Wexler,Tomas Herrera,Northeast,Mass Affluent,Roth IRA,US Equity,0.47,34476.53
A00113,Charles Wexler,Tomas Herrera,Northeast,Mass Affluent,Roth IRA,International Equity,0.198,14526.89
A00113,Charles Wexler,Tomas Herrera,Northeast,Mass Affluent,Roth IRA,Fixed Income,0.2538,18614.73
A00113,Charles Wexler,Tomas Herrera,Northeast,Mass Affluent,Roth IRA,Cash & Equivalents,0.0677,4967.61
A00113,Charles Wexler,Tomas Herrera,Northeast,Mass Affluent,Roth IRA,Alternatives,0.0105,772.56
A00114,Steven Thorne,Grant Sheffield,Northeast,High Net Worth,Trust,US Equity,0.4212,249019.26
A00114,Steven Thorne,Grant Sheffield,Northeast,High Net Worth,Trust,International Equity,0.2116,125076.67
A00114,Steven Thorne,Grant Sheffield,Northeast,High Net Worth,Trust,Fixed Income,0.263,155464.23
A00114,Steven Thorne,Grant Sheffield,Northeast,High Net Worth,Trust,Cash & Equivalents,0.0242,14288.79
A00114,Steven Thorne,Grant Sheffield,Northeast,High Net Worth,Trust,Alternatives,0.0801,47353.41
A00115,Steven Thorne,Grant Sheffield,Northeast,High Net Worth,401(k) Rollover,US Equity,0.4168,159198.0
A00115,Steven Thorne,Grant Sheffield,Northeast,High Net Worth,401(k) Rollover,International Equity,0.1822,69604.78
A00115,Steven Thorne,Grant Sheffield,Northeast,High Net Worth,401(k) Rollover,Fixed Income,0.2698,103046.58
A00115,Steven Thorne,Grant Sheffield,Northeast,High Net Worth,401(k) Rollover,Cash & Equivalents,0.0245,9358.95
A00115,Steven Thorne,Grant Sheffield,Northeast,High Net Worth,401(k) Rollover,Alternatives,0.1068,40778.21
A00116,Steven Thorne,Grant Sheffield,Northeast,High Net Worth,Taxable Brokerage,US Equity,0.3959,201463.8
A00116,Steven Thorne,Grant Sheffield,Northeast,High Net Worth,Taxable Brokerage,International Equity,0.2088,106247.85
A00116,Steven Thorne,Grant Sheffield,Northeast,High Net Worth,Taxable Brokerage,Fixed Income,0.2526,128557.21
A00116,Steven Thorne,Grant Sheffield,Northeast,High Net Worth,Taxable Brokerage,Cash & Equivalents,0.0532,27081.87
A00116,Steven Thorne,Grant Sheffield,Northeast,High Net Worth,Taxable Brokerage,Alternatives,0.0895,45518.99
A00117,William Whitfield,Dana Whitfield,Midwest,Mass Affluent,401(k) Rollover,US Equity,0.5065,32112.16
A00117,William Whitfield,Dana Whitfield,Midwest,Mass Affluent,401(k) Rollover,International Equity,0.0891,5649.02
A00117,William Whitfield,Dana Whitfield,Midwest,Mass Affluent,401(k) Rollover,Fixed Income,0.2799,17745.13
A00117,William Whitfield,Dana Whitfield,Midwest,Mass Affluent,401(k) Rollover,Cash & Equivalents,0.088,5580.02
A00117,William Whitfield,Dana Whitfield,Midwest,Mass Affluent,401(k) Rollover,Alternatives,0.0364,2308.35
A00118,William Whitfield,Dana Whitfield,Midwest,Mass Affluent,Roth IRA,US Equity,0.4795,17046.68
A00118,William Whitfield,Dana Whitfield,Midwest,Mass Affluent,Roth IRA,International Equity,0.1894,6733.16
A00118,William Whitfield,Dana Whitfield,Midwest,Mass Affluent,Roth IRA,Fixed Income,0.2825,10045.89
A00118,William Whitfield,Dana Whitfield,Midwest,Mass Affluent,Roth IRA,Cash & Equivalents,0.0314,1115.34
A00118,William Whitfield,Dana Whitfield,Midwest,Mass Affluent,Roth IRA,Alternatives,0.0173,613.41
A00119,Nancy Ferreira,Rowan Blackwell,Southeast,Mass Affluent,Roth IRA,US Equity,0.4504,41209.67
A00119,Nancy Ferreira,Rowan Blackwell,Southeast,Mass Affluent,Roth IRA,International Equity,0.1301,11900.99
A00119,Nancy Ferreira,Rowan Blackwell,Southeast,Mass Affluent,Roth IRA,Fixed Income,0.2954,27026.26
A00119,Nancy Ferreira,Rowan Blackwell,Southeast,Mass Affluent,Roth IRA,Cash & Equivalents,0.1144,10463.37
A00119,Nancy Ferreira,Rowan Blackwell,Southeast,Mass Affluent,Roth IRA,Alternatives,0.0097,890.37
A00120,Nancy Ferreira,Rowan Blackwell,Southeast,Mass Affluent,401(k) Rollover,US Equity,0.4811,53192.86
A00120,Nancy Ferreira,Rowan Blackwell,Southeast,Mass Affluent,401(k) Rollover,International Equity,0.2093,23145.23
A00120,Nancy Ferreira,Rowan Blackwell,Southeast,Mass Affluent,401(k) Rollover,Fixed Income,0.1901,21019.54
A00120,Nancy Ferreira,Rowan Blackwell,Southeast,Mass Affluent,401(k) Rollover,Cash & Equivalents,0.0801,8859.84
A00120,Nancy Ferreira,Rowan Blackwell,Southeast,Mass Affluent,401(k) Rollover,Alternatives,0.0394,4356.58
A00122,Susan Ibarra,Elise Fontaine,Southeast,Mass Affluent,Roth IRA,US Equity,0.442,44206.68
A00122,Susan Ibarra,Elise Fontaine,Southeast,Mass Affluent,Roth IRA,International Equity,0.1449,14490.29
A00122,Susan Ibarra,Elise Fontaine,Southeast,Mass Affluent,Roth IRA,Fixed Income,0.3315,33149.24
A00122,Susan Ibarra,Elise Fontaine,Southeast,Mass Affluent,Roth IRA,Cash & Equivalents,0.0698,6980.35
A00122,Susan Ibarra,Elise Fontaine,Southeast,Mass Affluent,Roth IRA,Alternatives,0.0118,1180.74
A00123,Susan Ibarra,Elise Fontaine,Southeast,Mass Affluent,401(k) Rollover,US Equity,0.4336,46768.62
A00123,Susan Ibarra,Elise Fontaine,Southeast,Mass Affluent,401(k) Rollover,International Equity,0.1365,14727.43
A00123,Susan Ibarra,Elise Fontaine,Southeast,Mass Affluent,401(k) Rollover,Fixed Income,0.2976,32096.07
A00123,Susan Ibarra,Elise Fontaine,Southeast,Mass Affluent,401(k) Rollover,Cash & Equivalents,0.1232,13292.58
A00123,Susan Ibarra,Elise Fontaine,Southeast,Mass Affluent,401(k) Rollover,Alternatives,0.0091,980.19
A00124,Rebecca Brennan,Warren Tsai,West,High Net Worth,Taxable Brokerage,US Equity,0.3589,391756.08
A00124,Rebecca Brennan,Warren Tsai,West,High Net Worth,Taxable Brokerage,International Equity,0.1815,198096.2
A00124,Rebecca Brennan,Warren Tsai,West,High Net Worth,Taxable Brokerage,Fixed Income,0.2442,266519.36
A00124,Rebecca Brennan,Warren Tsai,West,High Net Worth,Taxable Brokerage,Cash & Equivalents,0.0978,106701.68
A00124,Rebecca Brennan,Warren Tsai,West,High Net Worth,Taxable Brokerage,Alternatives,0.1176,128399.48
A00125,Rebecca Brennan,Warren Tsai,West,High Net Worth,Roth IRA,US Equity,0.4488,556242.98
A00125,Rebecca Brennan,Warren Tsai,West,High Net Worth,Roth IRA,International Equity,0.1898,235278.18
A00125,Rebecca Brennan,Warren Tsai,West,High Net Worth,Roth IRA,Fixed Income,0.2233,276746.87
A00125,Rebecca Brennan,Warren Tsai,West,High Net Worth,Roth IRA,Cash & Equivalents,0.0492,60959.4
A00125,Rebecca Brennan,Warren Tsai,West,High Net Worth,Roth IRA,Alternatives,0.0888,110104.71
A00126,Mark Reyes,Aisha Bello,Northeast,High Net Worth,Trust,US Equity,0.4096,1685098.26
A00126,Mark Reyes,Aisha Bello,Northeast,High Net Worth,Trust,International Equity,0.1866,767573.67
A00126,Mark Reyes,Aisha Bello,Northeast,High Net Worth,Trust,Fixed Income,0.2786,1146112.78
A00126,Mark Reyes,Aisha Bello,Northeast,High Net Worth,Trust,Cash & Equivalents,0.063,259003.2
A00126,Mark Reyes,Aisha Bello,Northeast,High Net Worth,Trust,Alternatives,0.0623,256191.74
A00127,Mark Reyes,Aisha Bello,Northeast,High Net Worth,Traditional IRA,US Equity,0.3964,567521.38
A00127,Mark Reyes,Aisha Bello,Northeast,High Net Worth,Traditional IRA,International Equity,0.1949,279073.62
A00127,Mark Reyes,Aisha Bello,Northeast,High Net Worth,Traditional IRA,Fixed Income,0.1979,283295.36
A00127,Mark Reyes,Aisha Bello,Northeast,High Net Worth,Traditional IRA,Cash & Equivalents,0.0988,141406.17
A00127,Mark Reyes,Aisha Bello,Northeast,High Net Worth,Traditional IRA,Alternatives,0.112,160316.93
A00128,Rebecca Devereaux,Grant Sheffield,Northeast,Mass Affluent,401(k) Rollover,US Equity,0.4731,32819.56
A00128,Rebecca Devereaux,Grant Sheffield,Northeast,Mass Affluent,401(k) Rollover,International Equity,0.1754,12164.4
A00128,Rebecca Devereaux,Grant Sheffield,Northeast,Mass Affluent,401(k) Rollover,Fixed Income,0.2659,18447.51
A00128,Rebecca Devereaux,Grant Sheffield,Northeast,Mass Affluent,401(k) Rollover,Cash & Equivalents,0.0534,3703.34
A00128,Rebecca Devereaux,Grant Sheffield,Northeast,Mass Affluent,401(k) Rollover,Alternatives,0.0322,2231.86
A00129,Rebecca Devereaux,Grant Sheffield,Northeast,Mass Affluent,Roth IRA,US Equity,0.4507,58320.58
A00129,Rebecca Devereaux,Grant Sheffield,Northeast,Mass Affluent,Roth IRA,International Equity,0.1905,24650.47
A00129,Rebecca Devereaux,Grant Sheffield,Northeast,Mass Affluent,Roth IRA,Fixed Income,0.2395,30986.73
A00129,Rebecca Devereaux,Grant Sheffield,Northeast,Mass Affluent,Roth IRA,Cash & Equivalents,0.0821,10619.32
A00129,Rebecca Devereaux,Grant Sheffield,Northeast,Mass Affluent,Roth IRA,Alternatives,0.0372,4808.76
A00130,Rebecca Devereaux,Grant Sheffield,Northeast,Mass Affluent,Trust,US Equity,0.498,31673.81
A00130,Rebecca Devereaux,Grant Sheffield,Northeast,Mass Affluent,Trust,International Equity,0.1286,8181.48
A00130,Rebecca Devereaux,Grant Sheffield,Northeast,Mass Affluent,Trust,Fixed Income,0.2913,18526.96
A00130,Rebecca Devereaux,Grant Sheffield,Northeast,Mass Affluent,Trust,Cash & Equivalents,0.0101,642.47
A00130,Rebecca Devereaux,Grant Sheffield,Northeast,Mass Affluent,Trust,Alternatives,0.0719,4575.24
A00131,Stephanie Stroud,Priya Raghunathan,Midwest,Mass Affluent,Traditional IRA,US Equity,0.4879,60230.38
A00131,Stephanie Stroud,Priya Raghunathan,Midwest,Mass Affluent,Traditional IRA,International Equity,0.1621,20013.36
A00131,Stephanie Stroud,Priya Raghunathan,Midwest,Mass Affluent,Traditional IRA,Fixed Income,0.2887,35637.65
A00131,Stephanie Stroud,Priya Raghunathan,Midwest,Mass Affluent,Traditional IRA,Cash & Equivalents,0.0499,6156.41
A00131,Stephanie Stroud,Priya Raghunathan,Midwest,Mass Affluent,Traditional IRA,Alternatives,0.0115,1419.04
A00132,Stephanie Stroud,Priya Raghunathan,Midwest,Mass Affluent,401(k) Rollover,US Equity,0.4822,41608.09
A00132,Stephanie Stroud,Priya Raghunathan,Midwest,Mass Affluent,401(k) Rollover,International Equity,0.1737,14989.51
A00132,Stephanie Stroud,Priya Raghunathan,Midwest,Mass Affluent,401(k) Rollover,Fixed Income,0.2709,23377.14
A00132,Stephanie Stroud,Priya Raghunathan,Midwest,Mass Affluent,401(k) Rollover,Cash & Equivalents,0.0573,4942.59
A00132,Stephanie Stroud,Priya Raghunathan,Midwest,Mass Affluent,401(k) Rollover,Alternatives,0.016,1377.68
A00133,Stephanie Stroud,Priya Raghunathan,Midwest,Mass Affluent,Roth IRA,US Equity,0.4408,36567.89
A00133,Stephanie Stroud,Priya Raghunathan,Midwest,Mass Affluent,Roth IRA,International Equity,0.152,12607.1
A00133,Stephanie Stroud,Priya Raghunathan,Midwest,Mass Affluent,Roth IRA,Fixed Income,0.2933,24330.33
A00133,Stephanie Stroud,Priya Raghunathan,Midwest,Mass Affluent,Roth IRA,Cash & Equivalents,0.1043,8653.34
A00133,Stephanie Stroud,Priya Raghunathan,Midwest,Mass Affluent,Roth IRA,Alternatives,0.0096,798.4
A00134,Carol Petrov,Aisha Bello,Northeast,Mass Affluent,Trust,US Equity,0.4888,111836.67
A00134,Carol Petrov,Aisha Bello,Northeast,Mass Affluent,Trust,International Equity,0.1801,41202.19
A00134,Carol Petrov,Aisha Bello,Northeast,Mass Affluent,Trust,Fixed Income,0.2588,59206.73
A00134,Carol Petrov,Aisha Bello,Northeast,Mass Affluent,Trust,Cash & Equivalents,0.0518,11858.07
A00134,Carol Petrov,Aisha Bello,Northeast,Mass Affluent,Trust,Alternatives,0.0204,4675.48
A00135,Cynthia Castellano,Camille Okafor,West,High Net Worth,Taxable Brokerage,US Equity,0.373,1463885.25
A00135,Cynthia Castellano,Camille Okafor,West,High Net Worth,Taxable Brokerage,International Equity,0.188,737721.57
A00135,Cynthia Castellano,Camille Okafor,West,High Net Worth,Taxable Brokerage,Fixed Income,0.2349,922123.44
A00135,Cynthia Castellano,Camille Okafor,West,High Net Worth,Taxable Brokerage,Cash & Equivalents,0.1363,535107.66
A00135,Cynthia Castellano,Camille Okafor,West,High Net Worth,Taxable Brokerage,Alternatives,0.0678,266114.57
A00136,Joshua Bergeron,Camille Okafor,West,High Net Worth,Roth IRA,US Equity,0.4199,239979.26
A00136,Joshua Bergeron,Camille Okafor,West,High Net Worth,Roth IRA,International Equity,0.2076,118611.34
A00136,Joshua Bergeron,Camille Okafor,West,High Net Worth,Roth IRA,Fixed Income,0.2878,164479.67
A00136,Joshua Bergeron,Camille Okafor,West,High Net Worth,Roth IRA,Cash & Equivalents,0.0118,6716.1
A00136,Joshua Bergeron,Camille Okafor,West,High Net Worth,Roth IRA,Alternatives,0.0729,41669.4
A00137,Joshua Bergeron,Camille Okafor,West,High Net Worth,Traditional IRA,US Equity,0.455,538311.88
A00137,Joshua Bergeron,Camille Okafor,West,High Net Worth,Traditional IRA,International Equity,0.1746,206539.69
A00137,Joshua Bergeron,Camille Okafor,West,High Net Worth,Traditional IRA,Fixed Income,0.2145,253758.63
A00137,Joshua Bergeron,Camille Okafor,West,High Net Worth,Traditional IRA,Cash & Equivalents,0.0178,21065.34
A00137,Joshua Bergeron,Camille Okafor,West,High Net Worth,Traditional IRA,Alternatives,0.1381,163384.03
A00138,Joshua Bergeron,Camille Okafor,West,High Net Worth,Trust,US Equity,0.3861,356045.13
A00138,Joshua Bergeron,Camille Okafor,West,High Net Worth,Trust,International Equity,0.1484,136813.24
A00138,Joshua Bergeron,Camille Okafor,West,High Net Worth,Trust,Fixed Income,0.2171,200142.48
A00138,Joshua Bergeron,Camille Okafor,West,High Net Worth,Trust,Cash & Equivalents,0.1247,115011.27
A00138,Joshua Bergeron,Camille Okafor,West,High Net Worth,Trust,Alternatives,0.1237,114068.43
A00140,Michael Broussard,Rowan Blackwell,Southeast,Mass Affluent,Trust,US Equity,0.494,30456.34
A00140,Michael Broussard,Rowan Blackwell,Southeast,Mass Affluent,Trust,International Equity,0.1267,7809.84
A00140,Michael Broussard,Rowan Blackwell,Southeast,Mass Affluent,Trust,Fixed Income,0.2891,17824.72
A00140,Michael Broussard,Rowan Blackwell,Southeast,Mass Affluent,Trust,Cash & Equivalents,0.0805,4963.39
A00140,Michael Broussard,Rowan Blackwell,Southeast,Mass Affluent,Trust,Alternatives,0.0096,594.02
A00141,Michael Broussard,Rowan Blackwell,Southeast,Mass Affluent,401(k) Rollover,US Equity,0.4682,39064.12
A00141,Michael Broussard,Rowan Blackwell,Southeast,Mass Affluent,401(k) Rollover,International Equity,0.1335,11136.95
A00141,Michael Broussard,Rowan Blackwell,Southeast,Mass Affluent,401(k) Rollover,Fixed Income,0.2881,24037.61
A00141,Michael Broussard,Rowan Blackwell,Southeast,Mass Affluent,401(k) Rollover,Cash & Equivalents,0.0995,8298.07
A00141,Michael Broussard,Rowan Blackwell,Southeast,Mass Affluent,401(k) Rollover,Alternatives,0.0107,892.65
A00142,Jennifer Devereaux,Rowan Blackwell,Southeast,Mass Affluent,Roth IRA,US Equity,0.4425,52260.13
A00142,Jennifer Devereaux,Rowan Blackwell,Southeast,Mass Affluent,Roth IRA,International Equity,0.1393,16445.53
A00142,Jennifer Devereaux,Rowan Blackwell,Southeast,Mass Affluent,Roth IRA,Fixed Income,0.3383,39946.61
A00142,Jennifer Devereaux,Rowan Blackwell,Southeast,Mass Affluent,Roth IRA,Cash & Equivalents,0.059,6964.67
A00142,Jennifer Devereaux,Rowan Blackwell,Southeast,Mass Affluent,Roth IRA,Alternatives,0.021,2478.05
A00143,Laura Okonkwo,Aisha Bello,Northeast,Mass Affluent,Traditional IRA,US Equity,0.4743,97230.28
A00143,Laura Okonkwo,Aisha Bello,Northeast,Mass Affluent,Traditional IRA,International Equity,0.1073,22008.03
A00143,Laura Okonkwo,Aisha Bello,Northeast,Mass Affluent,Traditional IRA,Fixed Income,0.2686,55072.8
A00143,Laura Okonkwo,Aisha Bello,Northeast,Mass Affluent,Traditional IRA,Cash & Equivalents,0.0966,19796.37
A00143,Laura Okonkwo,Aisha Bello,Northeast,Mass Affluent,Traditional IRA,Alternatives,0.0532,10906.4
A00144,Brian Calloway,Elise Fontaine,Southeast,Ultra High Net Worth,Traditional IRA,US Equity,0.3534,6397492.82
A00144,Brian Calloway,Elise Fontaine,Southeast,Ultra High Net Worth,Traditional IRA,International Equity,0.243,4399180.9
A00144,Brian Calloway,Elise Fontaine,Southeast,Ultra High Net Worth,Traditional IRA,Fixed Income,0.1307,2365971.59
A00144,Brian Calloway,Elise Fontaine,Southeast,Ultra High Net Worth,Traditional IRA,Cash & Equivalents,0.1011,1830085.86
A00144,Brian Calloway,Elise Fontaine,Southeast,Ultra High Net Worth,Traditional IRA,Alternatives,0.1717,3107757.9
A00146,Kimberly Calloway,Marcus Ellery,Midwest,Ultra High Net Worth,Trust,US Equity,0.3198,1158023.46
A00146,Kimberly Calloway,Marcus Ellery,Midwest,Ultra High Net Worth,Trust,International Equity,0.2435,881579.2
A00146,Kimberly Calloway,Marcus Ellery,Midwest,Ultra High Net Worth,Trust,Fixed Income,0.2245,812788.02
A00146,Kimberly Calloway,Marcus Ellery,Midwest,Ultra High Net Worth,Trust,Cash & Equivalents,0.0564,204362.27
A00146,Kimberly Calloway,Marcus Ellery,Midwest,Ultra High Net Worth,Trust,Alternatives,0.1557,563832.37
A00147,Kimberly Calloway,Marcus Ellery,Midwest,Ultra High Net Worth,Traditional IRA,US Equity,0.2637,2384128.09
A00147,Kimberly Calloway,Marcus Ellery,Midwest,Ultra High Net Worth,Traditional IRA,International Equity,0.2658,2403544.35
A00147,Kimberly Calloway,Marcus Ellery,Midwest,Ultra High Net Worth,Traditional IRA,Fixed Income,0.2054,1856831.64
A00147,Kimberly Calloway,Marcus Ellery,Midwest,Ultra High Net Worth,Traditional IRA,Cash & Equivalents,0.0454,410497.78
A00147,Kimberly Calloway,Marcus Ellery,Midwest,Ultra High Net Worth,Traditional IRA,Alternatives,0.2198,1987103.41
A00148,Jeffrey Grimaldi,Rowan Blackwell,Southeast,Mass Affluent,Trust,US Equity,0.4559,70273.58
A00148,Jeffrey Grimaldi,Rowan Blackwell,Southeast,Mass Affluent,Trust,International Equity,0.1553,23936.63
A00148,Jeffrey Grimaldi,Rowan Blackwell,Southeast,Mass Affluent,Trust,Fixed Income,0.2437,37553.88
A00148,Jeffrey Grimaldi,Rowan Blackwell,Southeast,Mass Affluent,Trust,Cash & Equivalents,0.091,14020.63
A00148,Jeffrey Grimaldi,Rowan Blackwell,Southeast,Mass Affluent,Trust,Alternatives,0.0541,8344.31
A00149,Ronald Anderson,Warren Tsai,West,Mass Affluent,Trust,US Equity,0.4414,55560.52
A00149,Ronald Anderson,Warren Tsai,West,Mass Affluent,Trust,International Equity,0.1719,21645.62
A00149,Ronald Anderson,Warren Tsai,West,Mass Affluent,Trust,Fixed Income,0.2909,36623.12
A00149,Ronald Anderson,Warren Tsai,West,Mass Affluent,Trust,Cash & Equivalents,0.0865,10887.06
A00149,Ronald Anderson,Warren Tsai,West,Mass Affluent,Trust,Alternatives,0.0093,1168.54
A00150,Ronald Anderson,Warren Tsai,West,Mass Affluent,Roth IRA,US Equity,0.4363,32048.6
A00150,Ronald Anderson,Warren Tsai,West,Mass Affluent,Roth IRA,International Equity,0.1232,9051.88
A00150,Ronald Anderson,Warren Tsai,West,Mass Affluent,Roth IRA,Fixed Income,0.3223,23670.59
A00150,Ronald Anderson,Warren Tsai,West,Mass Affluent,Roth IRA,Cash & Equivalents,0.0415,3051.73
A00150,Ronald Anderson,Warren Tsai,West,Mass Affluent,Roth IRA,Alternatives,0.0766,5625.71
A00151,Ronald Anderson,Warren Tsai,West,Mass Affluent,Taxable Brokerage,US Equity,0.45,29173.69
A00151,Ronald Anderson,Warren Tsai,West,Mass Affluent,Taxable Brokerage,International Equity,0.1481,9604.8
A00151,Ronald Anderson,Warren Tsai,West,Mass Affluent,Taxable Brokerage,Fixed Income,0.2769,17955.4
A00151,Ronald Anderson,Warren Tsai,West,Mass Affluent,Taxable Brokerage,Cash & Equivalents,0.065,4213.29
A00151,Ronald Anderson,Warren Tsai,West,Mass Affluent,Taxable Brokerage,Alternatives,0.0599,3886.01
A00152,Sandra Lockhart,Tomas Herrera,Northeast,Mass Affluent,401(k) Rollover,US Equity,0.4128,64745.21
A00152,Sandra Lockhart,Tomas Herrera,Northeast,Mass Affluent,401(k) Rollover,International Equity,0.1617,25367.57
A00152,Sandra Lockhart,Tomas Herrera,Northeast,Mass Affluent,401(k) Rollover,Fixed Income,0.288,45176.08
A00152,Sandra Lockhart,Tomas Herrera,Northeast,Mass Affluent,401(k) Rollover,Cash & Equivalents,0.0853,13378.09
A00152,Sandra Lockhart,Tomas Herrera,Northeast,Mass Affluent,401(k) Rollover,Alternatives,0.0521,8167.67
A00153,Jeffrey Yates,Marcus Ellery,Midwest,Ultra High Net Worth,Trust,US Equity,0.3724,1540764.08
A00153,Jeffrey Yates,Marcus Ellery,Midwest,Ultra High Net Worth,Trust,International Equity,0.2144,887153.77
A00153,Jeffrey Yates,Marcus Ellery,Midwest,Ultra High Net Worth,Trust,Fixed Income,0.2257,933683.38
A00153,Jeffrey Yates,Marcus Ellery,Midwest,Ultra High Net Worth,Trust,Cash & Equivalents,0.0143,59190.56
A00153,Jeffrey Yates,Marcus Ellery,Midwest,Ultra High Net Worth,Trust,Alternatives,0.1732,716637.94
A00154,Karen Grimaldi,Aisha Bello,Northeast,Ultra High Net Worth,Traditional IRA,US Equity,0.3077,1014708.41
A00154,Karen Grimaldi,Aisha Bello,Northeast,Ultra High Net Worth,Traditional IRA,International Equity,0.2277,750917.23
A00154,Karen Grimaldi,Aisha Bello,Northeast,Ultra High Net Worth,Traditional IRA,Fixed Income,0.1806,595611.53
A00154,Karen Grimaldi,Aisha Bello,Northeast,Ultra High Net Worth,Traditional IRA,Cash & Equivalents,0.1103,363635.25
A00154,Karen Grimaldi,Aisha Bello,Northeast,Ultra High Net Worth,Traditional IRA,Alternatives,0.1738,573111.5
A00155,Karen Grimaldi,Aisha Bello,Northeast,Ultra High Net Worth,401(k) Rollover,US Equity,0.4003,6213378.45
A00155,Karen Grimaldi,Aisha Bello,Northeast,Ultra High Net Worth,401(k) Rollover,International Equity,0.2193,3402921.23
A00155,Karen Grimaldi,Aisha Bello,Northeast,Ultra High Net Worth,401(k) Rollover,Fixed Income,0.1798,2791111.08
A00155,Karen Grimaldi,Aisha Bello,Northeast,Ultra High Net Worth,401(k) Rollover,Cash & Equivalents,0.0115,177746.37
A00155,Karen Grimaldi,Aisha Bello,Northeast,Ultra High Net Worth,401(k) Rollover,Alternatives,0.1891,2934936.19
A00156,Karen Grimaldi,Aisha Bello,Northeast,Ultra High Net Worth,Trust,US Equity,0.3819,1886064.18
A00156,Karen Grimaldi,Aisha Bello,Northeast,Ultra High Net Worth,Trust,International Equity,0.2302,1136867.27
A00156,Karen Grimaldi,Aisha Bello,Northeast,Ultra High Net Worth,Trust,Fixed Income,0.2066,1020162.19
A00156,Karen Grimaldi,Aisha Bello,Northeast,Ultra High Net Worth,Trust,Cash & Equivalents,0.0104,51129.49
A00156,Karen Grimaldi,Aisha Bello,Northeast,Ultra High Net Worth,Trust,Alternatives,0.171,844566.28
A00157,Mark Ellsworth,Dana Whitfield,Midwest,Ultra High Net Worth,Taxable Brokerage,US Equity,0.3459,5983498.24
A00157,Mark Ellsworth,Dana Whitfield,Midwest,Ultra High Net Worth,Taxable Brokerage,International Equity,0.1949,3371914.02
A00157,Mark Ellsworth,Dana Whitfield,Midwest,Ultra High Net Worth,Taxable Brokerage,Fixed Income,0.2309,3994272.27
A00157,Mark Ellsworth,Dana Whitfield,Midwest,Ultra High Net Worth,Taxable Brokerage,Cash & Equivalents,0.0103,178230.87
A00157,Mark Ellsworth,Dana Whitfield,Midwest,Ultra High Net Worth,Taxable Brokerage,Alternatives,0.2179,3769683.29
A00158,Mark Ellsworth,Dana Whitfield,Midwest,Ultra High Net Worth,Traditional IRA,US Equity,0.3081,3779436.98
A00158,Mark Ellsworth,Dana Whitfield,Midwest,Ultra High Net Worth,Traditional IRA,International Equity,0.2074,2543604.64
A00158,Mark Ellsworth,Dana Whitfield,Midwest,Ultra High Net Worth,Traditional IRA,Fixed Income,0.1659,2034436.83
A00158,Mark Ellsworth,Dana Whitfield,Midwest,Ultra High Net Worth,Traditional IRA,Cash & Equivalents,0.0465,570888.76
A00158,Mark Ellsworth,Dana Whitfield,Midwest,Ultra High Net Worth,Traditional IRA,Alternatives,0.2721,3337239.88
A00159,Kevin Kowalski,Grant Sheffield,Northeast,Mass Affluent,Taxable Brokerage,US Equity,0.4082,194042.6
A00159,Kevin Kowalski,Grant Sheffield,Northeast,Mass Affluent,Taxable Brokerage,International Equity,0.1447,68764.6
A00159,Kevin Kowalski,Grant Sheffield,Northeast,Mass Affluent,Taxable Brokerage,Fixed Income,0.2993,142288.53
A00159,Kevin Kowalski,Grant Sheffield,Northeast,Mass Affluent,Taxable Brokerage,Cash & Equivalents,0.095,45155.97
A00159,Kevin Kowalski,Grant Sheffield,Northeast,Mass Affluent,Taxable Brokerage,Alternatives,0.0528,25101.47
A00160,Cynthia Nguyen,Dana Whitfield,Midwest,Mass Affluent,Trust,US Equity,0.4475,62630.75
A00160,Cynthia Nguyen,Dana Whitfield,Midwest,Mass Affluent,Trust,International Equity,0.1376,19256.51
A00160,Cynthia Nguyen,Dana Whitfield,Midwest,Mass Affluent,Trust,Fixed Income,0.2846,39830.64
A00160,Cynthia Nguyen,Dana Whitfield,Midwest,Mass Affluent,Trust,Cash & Equivalents,0.0883,12364.81
A00160,Cynthia Nguyen,Dana Whitfield,Midwest,Mass Affluent,Trust,Alternatives,0.0421,5885.84
A00161,Cynthia Nguyen,Dana Whitfield,Midwest,Mass Affluent,Roth IRA,US Equity,0.4453,125404.21
A00161,Cynthia Nguyen,Dana Whitfield,Midwest,Mass Affluent,Roth IRA,International Equity,0.1624,45730.53
A00161,Cynthia Nguyen,Dana Whitfield,Midwest,Mass Affluent,Roth IRA,Fixed Income,0.3046,85790.21
A00161,Cynthia Nguyen,Dana Whitfield,Midwest,Mass Affluent,Roth IRA,Cash & Equivalents,0.0781,21985.65
A00161,Cynthia Nguyen,Dana Whitfield,Midwest,Mass Affluent,Roth IRA,Alternatives,0.0096,2707.39
A00162,Michael Jensen,Priya Raghunathan,Midwest,High Net Worth,Taxable Brokerage,US Equity,0.4614,601203.97
A00162,Michael Jensen,Priya Raghunathan,Midwest,High Net Worth,Taxable Brokerage,International Equity,0.1808,235627.38
A00162,Michael Jensen,Priya Raghunathan,Midwest,High Net Worth,Taxable Brokerage,Fixed Income,0.2321,302415.65
A00162,Michael Jensen,Priya Raghunathan,Midwest,High Net Worth,Taxable Brokerage,Cash & Equivalents,0.01,13063.09
A00162,Michael Jensen,Priya Raghunathan,Midwest,High Net Worth,Taxable Brokerage,Alternatives,0.1156,150632.76
A00163,Michael Jensen,Priya Raghunathan,Midwest,High Net Worth,Traditional IRA,US Equity,0.4616,488457.95
A00163,Michael Jensen,Priya Raghunathan,Midwest,High Net Worth,Traditional IRA,International Equity,0.1465,154966.85
A00163,Michael Jensen,Priya Raghunathan,Midwest,High Net Worth,Traditional IRA,Fixed Income,0.3319,351205.18
A00163,Michael Jensen,Priya Raghunathan,Midwest,High Net Worth,Traditional IRA,Cash & Equivalents,0.0171,18047.07
A00163,Michael Jensen,Priya Raghunathan,Midwest,High Net Worth,Traditional IRA,Alternatives,0.043,45475.49
A00164,Sandra Broussard,Priya Raghunathan,Midwest,High Net Worth,Traditional IRA,US Equity,0.3501,370400.25
A00164,Sandra Broussard,Priya Raghunathan,Midwest,High Net Worth,Traditional IRA,International Equity,0.243,257154.04
A00164,Sandra Broussard,Priya Raghunathan,Midwest,High Net Worth,Traditional IRA,Fixed Income,0.2846,301121.79
A00164,Sandra Broussard,Priya Raghunathan,Midwest,High Net Worth,Traditional IRA,Cash & Equivalents,0.0095,10026.28
A00164,Sandra Broussard,Priya Raghunathan,Midwest,High Net Worth,Traditional IRA,Alternatives,0.1128,119397.42
A00165,Sandra Broussard,Priya Raghunathan,Midwest,High Net Worth,401(k) Rollover,US Equity,0.4692,390294.78
A00165,Sandra Broussard,Priya Raghunathan,Midwest,High Net Worth,401(k) Rollover,International Equity,0.199,165529.59
A00165,Sandra Broussard,Priya Raghunathan,Midwest,High Net Worth,401(k) Rollover,Fixed Income,0.2121,176455.4
A00165,Sandra Broussard,Priya Raghunathan,Midwest,High Net Worth,401(k) Rollover,Cash & Equivalents,0.0257,21386.74
A00165,Sandra Broussard,Priya Raghunathan,Midwest,High Net Worth,401(k) Rollover,Alternatives,0.0941,78242.36
A00166,Sandra Broussard,Priya Raghunathan,Midwest,High Net Worth,Taxable Brokerage,US Equity,0.3792,237376.46
A00166,Sandra Broussard,Priya Raghunathan,Midwest,High Net Worth,Taxable Brokerage,International Equity,0.1526,95507.67
A00166,Sandra Broussard,Priya Raghunathan,Midwest,High Net Worth,Taxable Brokerage,Fixed Income,0.2474,154854.08
A00166,Sandra Broussard,Priya Raghunathan,Midwest,High Net Worth,Taxable Brokerage,Cash & Equivalents,0.0553,34589.62
A00166,Sandra Broussard,Priya Raghunathan,Midwest,High Net Worth,Taxable Brokerage,Alternatives,0.1656,103658.09
A00167,Elizabeth Pemberton,Elise Fontaine,Southeast,Ultra High Net Worth,Trust,US Equity,0.3836,1038510.45
A00167,Elizabeth Pemberton,Elise Fontaine,Southeast,Ultra High Net Worth,Trust,International Equity,0.142,384536.31
A00167,Elizabeth Pemberton,Elise Fontaine,Southeast,Ultra High Net Worth,Trust,Fixed Income,0.2337,632690.69
A00167,Elizabeth Pemberton,Elise Fontaine,Southeast,Ultra High Net Worth,Trust,Cash & Equivalents,0.0531,143620.35
A00167,Elizabeth Pemberton,Elise Fontaine,Southeast,Ultra High Net Worth,Trust,Alternatives,0.1876,507795.84
A00168,Elizabeth Pemberton,Elise Fontaine,Southeast,Ultra High Net Worth,Taxable Brokerage,US Equity,0.3451,2292924.97
A00168,Elizabeth Pemberton,Elise Fontaine,Southeast,Ultra High Net Worth,Taxable Brokerage,International Equity,0.1947,1293510.3
A00168,Elizabeth Pemberton,Elise Fontaine,Southeast,Ultra High Net Worth,Taxable Brokerage,Fixed Income,0.2285,1518005.9
A00168,Elizabeth Pemberton,Elise Fontaine,Southeast,Ultra High Net Worth,Taxable Brokerage,Cash & Equivalents,0.0095,62799.73
A00168,Elizabeth Pemberton,Elise Fontaine,Southeast,Ultra High Net Worth,Taxable Brokerage,Alternatives,0.2222,1476102.62
A00169,Elizabeth Pemberton,Elise Fontaine,Southeast,Ultra High Net Worth,Traditional IRA,US Equity,0.3283,2873109.83
A00169,Elizabeth Pemberton,Elise Fontaine,Southeast,Ultra High Net Worth,Traditional IRA,International Equity,0.2624,2296079.83
A00169,Elizabeth Pemberton,Elise Fontaine,Southeast,Ultra High Net Worth,Traditional IRA,Fixed Income,0.1564,1368476.48
A00169,Elizabeth Pemberton,Elise Fontaine,Southeast,Ultra High Net Worth,Traditional IRA,Cash & Equivalents,0.0374,327213.2
A00169,Elizabeth Pemberton,Elise Fontaine,Southeast,Ultra High Net Worth,Traditional IRA,Alternatives,0.2156,1886402.4
A00170,Elizabeth Pemberton,Elise Fontaine,Southeast,Ultra High Net Worth,401(k) Rollover,US Equity,0.3257,1160202.64
A00170,Elizabeth Pemberton,Elise Fontaine,Southeast,Ultra High Net Worth,401(k) Rollover,International Equity,0.2172,773796.86
A00170,Elizabeth Pemberton,Elise Fontaine,Southeast,Ultra High Net Worth,401(k) Rollover,Fixed Income,0.2412,859140.62
A00170,Elizabeth Pemberton,Elise Fontaine,Southeast,Ultra High Net Worth,401(k) Rollover,Cash & Equivalents,0.0099,35383.58
A00170,Elizabeth Pemberton,Elise Fontaine,Southeast,Ultra High Net Worth,401(k) Rollover,Alternatives,0.206,733931.54
A00171,Michelle Tavares,Marcus Ellery,Midwest,Ultra High Net Worth,Traditional IRA,US Equity,0.383,12248368.94
A00171,Michelle Tavares,Marcus Ellery,Midwest,Ultra High Net Worth,Traditional IRA,International Equity,0.1584,5064557.83
A00171,Michelle Tavares,Marcus Ellery,Midwest,Ultra High Net Worth,Traditional IRA,Fixed Income,0.2096,6702459.42
A00171,Michelle Tavares,Marcus Ellery,Midwest,Ultra High Net Worth,Traditional IRA,Cash & Equivalents,0.0721,2307080.84
A00171,Michelle Tavares,Marcus Ellery,Midwest,Ultra High Net Worth,Traditional IRA,Alternatives,0.1769,5655537.58
A00172,Joshua Pemberton,Declan Moreau,West,Mass Affluent,Trust,US Equity,0.4438,245818.41
A00172,Joshua Pemberton,Declan Moreau,West,Mass Affluent,Trust,International Equity,0.1422,78760.32
A00172,Joshua Pemberton,Declan Moreau,West,Mass Affluent,Trust,Fixed Income,0.3002,166306.13
A00172,Joshua Pemberton,Declan Moreau,West,Mass Affluent,Trust,Cash & Equivalents,0.1032,57170.08
A00172,Joshua Pemberton,Declan Moreau,West,Mass Affluent,Trust,Alternatives,0.0106,5895.44
A00173,Emily Ortega,Elise Fontaine,Southeast,High Net Worth,401(k) Rollover,US Equity,0.375,235803.19
A00173,Emily Ortega,Elise Fontaine,Southeast,High Net Worth,401(k) Rollover,International Equity,0.1399,87955.63
A00173,Emily Ortega,Elise Fontaine,Southeast,High Net Worth,401(k) Rollover,Fixed Income,0.2726,171382.02
A00173,Emily Ortega,Elise Fontaine,Southeast,High Net Worth,401(k) Rollover,Cash & Equivalents,0.0786,49410.15
A00173,Emily Ortega,Elise Fontaine,Southeast,High Net Worth,401(k) Rollover,Alternatives,0.134,84226.23
A00174,Emily Ortega,Elise Fontaine,Southeast,High Net Worth,Traditional IRA,US Equity,0.4236,355951.5
A00174,Emily Ortega,Elise Fontaine,Southeast,High Net Worth,Traditional IRA,International Equity,0.1992,167382.89
A00174,Emily Ortega,Elise Fontaine,Southeast,High Net Worth,Traditional IRA,Fixed Income,0.2357,198042.82
A00174,Emily Ortega,Elise Fontaine,Southeast,High Net Worth,Traditional IRA,Cash & Equivalents,0.0481,40392.98
A00174,Emily Ortega,Elise Fontaine,Southeast,High Net Worth,Traditional IRA,Alternatives,0.0935,78584.26
A00175,Lisa Zabala,Warren Tsai,West,Mass Affluent,Trust,US Equity,0.4219,46569.3
A00175,Lisa Zabala,Warren Tsai,West,Mass Affluent,Trust,International Equity,0.1921,21202.48
A00175,Lisa Zabala,Warren Tsai,West,Mass Affluent,Trust,Fixed Income,0.2662,29379.89
A00175,Lisa Zabala,Warren Tsai,West,Mass Affluent,Trust,Cash & Equivalents,0.1011,11154.82
A00175,Lisa Zabala,Warren Tsai,West,Mass Affluent,Trust,Alternatives,0.0187,2067.46
A00177,Brian Pemberton,Rowan Blackwell,Southeast,Mass Affluent,Taxable Brokerage,US Equity,0.5048,64511.85
A00177,Brian Pemberton,Rowan Blackwell,Southeast,Mass Affluent,Taxable Brokerage,International Equity,0.1511,19312.2
A00177,Brian Pemberton,Rowan Blackwell,Southeast,Mass Affluent,Taxable Brokerage,Fixed Income,0.2511,32093.8
A00177,Brian Pemberton,Rowan Blackwell,Southeast,Mass Affluent,Taxable Brokerage,Cash & Equivalents,0.0813,10393.32
A00177,Brian Pemberton,Rowan Blackwell,Southeast,Mass Affluent,Taxable Brokerage,Alternatives,0.0116,1476.8
A00178,Brian Pemberton,Rowan Blackwell,Southeast,Mass Affluent,401(k) Rollover,US Equity,0.4569,29975.24
A00178,Brian Pemberton,Rowan Blackwell,Southeast,Mass Affluent,401(k) Rollover,International Equity,0.1835,12040.76
A00178,Brian Pemberton,Rowan Blackwell,Southeast,Mass Affluent,401(k) Rollover,Fixed Income,0.3094,20293.77
A00178,Brian Pemberton,Rowan Blackwell,Southeast,Mass Affluent,401(k) Rollover,Cash & Equivalents,0.0197,1295.23
A00178,Brian Pemberton,Rowan Blackwell,Southeast,Mass Affluent,401(k) Rollover,Alternatives,0.0304,1995.56
A00179,Andrew Quinlan,Dana Whitfield,Midwest,Mass Affluent,Roth IRA,US Equity,0.438,60558.84
A00179,Andrew Quinlan,Dana Whitfield,Midwest,Mass Affluent,Roth IRA,International Equity,0.1639,22656.95
A00179,Andrew Quinlan,Dana Whitfield,Midwest,Mass Affluent,Roth IRA,Fixed Income,0.2442,33759.48
A00179,Andrew Quinlan,Dana Whitfield,Midwest,Mass Affluent,Roth IRA,Cash & Equivalents,0.1029,14220.75
A00179,Andrew Quinlan,Dana Whitfield,Midwest,Mass Affluent,Roth IRA,Alternatives,0.051,7055.95
A00180,Andrew Quinlan,Dana Whitfield,Midwest,Mass Affluent,Traditional IRA,US Equity,0.4182,45440.23
A00180,Andrew Quinlan,Dana Whitfield,Midwest,Mass Affluent,Traditional IRA,International Equity,0.1995,21680.46
A00180,Andrew Quinlan,Dana Whitfield,Midwest,Mass Affluent,Traditional IRA,Fixed Income,0.2471,26845.94
A00180,Andrew Quinlan,Dana Whitfield,Midwest,Mass Affluent,Traditional IRA,Cash & Equivalents,0.066,7169.33
A00180,Andrew Quinlan,Dana Whitfield,Midwest,Mass Affluent,Traditional IRA,Alternatives,0.0692,7522.24
A00181,Maria Quinlan,Elise Fontaine,Southeast,Ultra High Net Worth,Trust,US Equity,0.3679,4318281.44
A00181,Maria Quinlan,Elise Fontaine,Southeast,Ultra High Net Worth,Trust,International Equity,0.2813,3302480.83
A00181,Maria Quinlan,Elise Fontaine,Southeast,Ultra High Net Worth,Trust,Fixed Income,0.1962,2303033.72
A00181,Maria Quinlan,Elise Fontaine,Southeast,Ultra High Net Worth,Trust,Cash & Equivalents,0.0111,130836.66
A00181,Maria Quinlan,Elise Fontaine,Southeast,Ultra High Net Worth,Trust,Alternatives,0.1434,1683878.29
A00182,Brian Stroud,Marcus Ellery,Midwest,Mass Affluent,Roth IRA,US Equity,0.4518,33329.23
A00182,Brian Stroud,Marcus Ellery,Midwest,Mass Affluent,Roth IRA,International Equity,0.1824,13457.17
A00182,Brian Stroud,Marcus Ellery,Midwest,Mass Affluent,Roth IRA,Fixed Income,0.2972,21921.71
A00182,Brian Stroud,Marcus Ellery,Midwest,Mass Affluent,Roth IRA,Cash & Equivalents,0.0581,4285.38
A00182,Brian Stroud,Marcus Ellery,Midwest,Mass Affluent,Roth IRA,Alternatives,0.0105,775.73
A00183,Brian Stroud,Marcus Ellery,Midwest,Mass Affluent,Traditional IRA,US Equity,0.4668,36210.83
A00183,Brian Stroud,Marcus Ellery,Midwest,Mass Affluent,Traditional IRA,International Equity,0.1775,13769.82
A00183,Brian Stroud,Marcus Ellery,Midwest,Mass Affluent,Traditional IRA,Fixed Income,0.2445,18968.8
A00183,Brian Stroud,Marcus Ellery,Midwest,Mass Affluent,Traditional IRA,Cash & Equivalents,0.0976,7571.27
A00183,Brian Stroud,Marcus Ellery,Midwest,Mass Affluent,Traditional IRA,Alternatives,0.0136,1057.95
A00184,Brian Stroud,Marcus Ellery,Midwest,Mass Affluent,Trust,US Equity,0.4058,46016.69
A00184,Brian Stroud,Marcus Ellery,Midwest,Mass Affluent,Trust,International Equity,0.1474,16717.72
A00184,Brian Stroud,Marcus Ellery,Midwest,Mass Affluent,Trust,Fixed Income,0.2831,32102.29
A00184,Brian Stroud,Marcus Ellery,Midwest,Mass Affluent,Trust,Cash & Equivalents,0.1549,17562.17
A00184,Brian Stroud,Marcus Ellery,Midwest,Mass Affluent,Trust,Alternatives,0.0087,985.54
A00185,Michael Quinlan,Nina Castellanos,Southeast,Mass Affluent,Traditional IRA,US Equity,0.4164,155320.47
A00185,Michael Quinlan,Nina Castellanos,Southeast,Mass Affluent,Traditional IRA,International Equity,0.1954,72875.62
A00185,Michael Quinlan,Nina Castellanos,Southeast,Mass Affluent,Traditional IRA,Fixed Income,0.2521,94059.31
A00185,Michael Quinlan,Nina Castellanos,Southeast,Mass Affluent,Traditional IRA,Cash & Equivalents,0.0738,27527.67
A00185,Michael Quinlan,Nina Castellanos,Southeast,Mass Affluent,Traditional IRA,Alternatives,0.0623,23249.46
A00186,Karen Marchetti,Grant Sheffield,Northeast,Mass Affluent,Roth IRA,US Equity,0.4415,215248.57
A00186,Karen Marchetti,Grant Sheffield,Northeast,Mass Affluent,Roth IRA,International Equity,0.1417,69066.09
A00186,Karen Marchetti,Grant Sheffield,Northeast,Mass Affluent,Roth IRA,Fixed Income,0.3139,153050.56
A00186,Karen Marchetti,Grant Sheffield,Northeast,Mass Affluent,Roth IRA,Cash & Equivalents,0.0929,45279.98
A00186,Karen Marchetti,Grant Sheffield,Northeast,Mass Affluent,Roth IRA,Alternatives,0.01,4895.82
A00187,Kenneth Pemberton,Tomas Herrera,Northeast,Mass Affluent,Taxable Brokerage,US Equity,0.4362,54078.4
A00187,Kenneth Pemberton,Tomas Herrera,Northeast,Mass Affluent,Taxable Brokerage,International Equity,0.1377,17065.89
A00187,Kenneth Pemberton,Tomas Herrera,Northeast,Mass Affluent,Taxable Brokerage,Fixed Income,0.2735,33902.96
A00187,Kenneth Pemberton,Tomas Herrera,Northeast,Mass Affluent,Taxable Brokerage,Cash & Equivalents,0.1174,14559.4
A00187,Kenneth Pemberton,Tomas Herrera,Northeast,Mass Affluent,Taxable Brokerage,Alternatives,0.0352,4365.38
A00188,Kenneth Pemberton,Tomas Herrera,Northeast,Mass Affluent,Traditional IRA,US Equity,0.4791,40516.39
A00188,Kenneth Pemberton,Tomas Herrera,Northeast,Mass Affluent,Traditional IRA,International Equity,0.1574,13308.64
A00188,Kenneth Pemberton,Tomas Herrera,Northeast,Mass Affluent,Traditional IRA,Fixed Income,0.2694,22783.37
A00188,Kenneth Pemberton,Tomas Herrera,Northeast,Mass Affluent,Traditional IRA,Cash & Equivalents,0.0714,6039.06
A00188,Kenneth Pemberton,Tomas Herrera,Northeast,Mass Affluent,Traditional IRA,Alternatives,0.0226,1913.59
A00189,Kenneth Pemberton,Tomas Herrera,Northeast,Mass Affluent,Roth IRA,US Equity,0.4942,41434.03
A00189,Kenneth Pemberton,Tomas Herrera,Northeast,Mass Affluent,Roth IRA,International Equity,0.171,14334.91
A00189,Kenneth Pemberton,Tomas Herrera,Northeast,Mass Affluent,Roth IRA,Fixed Income,0.2044,17141.09
A00189,Kenneth Pemberton,Tomas Herrera,Northeast,Mass Affluent,Roth IRA,Cash & Equivalents,0.0991,8310.91
A00189,Kenneth Pemberton,Tomas Herrera,Northeast,Mass Affluent,Roth IRA,Alternatives,0.0313,2627.2
A00190,Kenneth Pemberton,Tomas Herrera,Northeast,Mass Affluent,Trust,US Equity,0.453,30690.17
A00190,Kenneth Pemberton,Tomas Herrera,Northeast,Mass Affluent,Trust,International Equity,0.1012,6856.96
A00190,Kenneth Pemberton,Tomas Herrera,Northeast,Mass Affluent,Trust,Fixed Income,0.4021,27242.38
A00190,Kenneth Pemberton,Tomas Herrera,Northeast,Mass Affluent,Trust,Cash & Equivalents,0.0315,2131.76
A00190,Kenneth Pemberton,Tomas Herrera,Northeast,Mass Affluent,Trust,Alternatives,0.0123,833.47
A00191,Deborah Nakamura,Priya Raghunathan,Midwest,Ultra High Net Worth,Traditional IRA,US Equity,0.3598,3292360.58
A00191,Deborah Nakamura,Priya Raghunathan,Midwest,Ultra High Net Worth,Traditional IRA,International Equity,0.1975,1807006.26
A00191,Deborah Nakamura,Priya Raghunathan,Midwest,Ultra High Net Worth,Traditional IRA,Fixed Income,0.2137,1955381.17
A00191,Deborah Nakamura,Priya Raghunathan,Midwest,Ultra High Net Worth,Traditional IRA,Cash & Equivalents,0.0379,347122.06
A00191,Deborah Nakamura,Priya Raghunathan,Midwest,Ultra High Net Worth,Traditional IRA,Alternatives,0.191,1747602.4
A00192,Elizabeth Thorne,Aisha Bello,Northeast,Mass Affluent,Taxable Brokerage,US Equity,0.4489,29212.25
A00192,Elizabeth Thorne,Aisha Bello,Northeast,Mass Affluent,Taxable Brokerage,International Equity,0.1439,9362.28
A00192,Elizabeth Thorne,Aisha Bello,Northeast,Mass Affluent,Taxable Brokerage,Fixed Income,0.2935,19099.66
A00192,Elizabeth Thorne,Aisha Bello,Northeast,Mass Affluent,Taxable Brokerage,Cash & Equivalents,0.1006,6549.14
A00192,Elizabeth Thorne,Aisha Bello,Northeast,Mass Affluent,Taxable Brokerage,Alternatives,0.0131,854.71
A00193,Elizabeth Thorne,Aisha Bello,Northeast,Mass Affluent,Traditional IRA,US Equity,0.4744,25174.43
A00193,Elizabeth Thorne,Aisha Bello,Northeast,Mass Affluent,Traditional IRA,International Equity,0.1424,7557.16
A00193,Elizabeth Thorne,Aisha Bello,Northeast,Mass Affluent,Traditional IRA,Fixed Income,0.3027,16062.75
A00193,Elizabeth Thorne,Aisha Bello,Northeast,Mass Affluent,Traditional IRA,Cash & Equivalents,0.0705,3739.29
A00193,Elizabeth Thorne,Aisha Bello,Northeast,Mass Affluent,Traditional IRA,Alternatives,0.0101,536.02
A00194,Elizabeth Thorne,Aisha Bello,Northeast,Mass Affluent,Roth IRA,US Equity,0.414,60638.8
A00194,Elizabeth Thorne,Aisha Bello,Northeast,Mass Affluent,Roth IRA,International Equity,0.1857,27204.53
A00194,Elizabeth Thorne,Aisha Bello,Northeast,Mass Affluent,Roth IRA,Fixed Income,0.2387,34965.99
A00194,Elizabeth Thorne,Aisha Bello,Northeast,Mass Affluent,Roth IRA,Cash & Equivalents,0.1005,14715.73
A00194,Elizabeth Thorne,Aisha Bello,Northeast,Mass Affluent,Roth IRA,Alternatives,0.0612,8962.78
A00195,Jeffrey Dunmore,Rowan Blackwell,Southeast,Mass Affluent,Roth IRA,US Equity,0.442,38320.08
A00195,Jeffrey Dunmore,Rowan Blackwell,Southeast,Mass Affluent,Roth IRA,International Equity,0.1459,12645.53
A00195,Jeffrey Dunmore,Rowan Blackwell,Southeast,Mass Affluent,Roth IRA,Fixed Income,0.2768,24000.43
A00195,Jeffrey Dunmore,Rowan Blackwell,Southeast,Mass Affluent,Roth IRA,Cash & Equivalents,0.0821,7121.93
A00195,Jeffrey Dunmore,Rowan Blackwell,Southeast,Mass Affluent,Roth IRA,Alternatives,0.0532,4613.99
A00196,Jeffrey Dunmore,Rowan Blackwell,Southeast,Mass Affluent,Traditional IRA,US Equity,0.3985,21887.3
A00196,Jeffrey Dunmore,Rowan Blackwell,Southeast,Mass Affluent,Traditional IRA,International Equity,0.1712,9404.93
A00196,Jeffrey Dunmore,Rowan Blackwell,Southeast,Mass Affluent,Traditional IRA,Fixed Income,0.2759,15152.01
A00196,Jeffrey Dunmore,Rowan Blackwell,Southeast,Mass Affluent,Traditional IRA,Cash & Equivalents,0.1154,6339.48
A00196,Jeffrey Dunmore,Rowan Blackwell,Southeast,Mass Affluent,Traditional IRA,Alternatives,0.0389,2138.68
A00197,Jeffrey Dunmore,Rowan Blackwell,Southeast,Mass Affluent,Trust,US Equity,0.4043,17685.2
A00197,Jeffrey Dunmore,Rowan Blackwell,Southeast,Mass Affluent,Trust,International Equity,0.1955,8551.79
A00197,Jeffrey Dunmore,Rowan Blackwell,Southeast,Mass Affluent,Trust,Fixed Income,0.2268,9921.96
A00197,Jeffrey Dunmore,Rowan Blackwell,Southeast,Mass Affluent,Trust,Cash & Equivalents,0.1178,5151.31
A00197,Jeffrey Dunmore,Rowan Blackwell,Southeast,Mass Affluent,Trust,Alternatives,0.0555,2429.48
A00199,Michelle Emmerich,Elise Fontaine,Southeast,High Net Worth,Taxable Brokerage,US Equity,0.5204,382286.09
A00199,Michelle Emmerich,Elise Fontaine,Southeast,High Net Worth,Taxable Brokerage,International Equity,0.1161,85295.92
A00199,Michelle Emmerich,Elise Fontaine,Southeast,High Net Worth,Taxable Brokerage,Fixed Income,0.1755,128887.03
A00199,Michelle Emmerich,Elise Fontaine,Southeast,High Net Worth,Taxable Brokerage,Cash & Equivalents,0.0788,57867.08
A00199,Michelle Emmerich,Elise Fontaine,Southeast,High Net Worth,Taxable Brokerage,Alternatives,0.1092,80217.75
A00200,Michelle Emmerich,Elise Fontaine,Southeast,High Net Worth,Trust,US Equity,0.3563,565215.64
A00200,Michelle Emmerich,Elise Fontaine,Southeast,High Net Worth,Trust,International Equity,0.1736,275419.38
A00200,Michelle Emmerich,Elise Fontaine,Southeast,High Net Worth,Trust,Fixed Income,0.2349,372599.42
A00200,Michelle Emmerich,Elise Fontaine,Southeast,High Net Worth,Trust,Cash & Equivalents,0.0958,151918.68
A00200,Michelle Emmerich,Elise Fontaine,Southeast,High Net Worth,Trust,Alternatives,0.1395,221284.13
A00201,Laura Petrov,Nina Castellanos,Southeast,High Net Worth,Trust,US Equity,0.4614,476598.18
A00201,Laura Petrov,Nina Castellanos,Southeast,High Net Worth,Trust,International Equity,0.1545,159543.93
A00201,Laura Petrov,Nina Castellanos,Southeast,High Net Worth,Trust,Fixed Income,0.2405,248403.44
A00201,Laura Petrov,Nina Castellanos,Southeast,High Net Worth,Trust,Cash & Equivalents,0.0548,56574.11
A00201,Laura Petrov,Nina Castellanos,Southeast,High Net Worth,Trust,Alternatives,0.0889,91838.11
A00202,Laura Petrov,Nina Castellanos,Southeast,High Net Worth,Taxable Brokerage,US Equity,0.3987,716251.58
A00202,Laura Petrov,Nina Castellanos,Southeast,High Net Worth,Taxable Brokerage,International Equity,0.1711,307399.08
A00202,Laura Petrov,Nina Castellanos,Southeast,High Net Worth,Taxable Brokerage,Fixed Income,0.2261,406196.19
A00202,Laura Petrov,Nina Castellanos,Southeast,High Net Worth,Taxable Brokerage,Cash & Equivalents,0.0962,172725.13
A00202,Laura Petrov,Nina Castellanos,Southeast,High Net Worth,Taxable Brokerage,Alternatives,0.1079,193770.7
A00203,Steven Wexler,Elise Fontaine,Southeast,Mass Affluent,Roth IRA,US Equity,0.4691,49112.03
A00203,Steven Wexler,Elise Fontaine,Southeast,Mass Affluent,Roth IRA,International Equity,0.146,15282.29
A00203,Steven Wexler,Elise Fontaine,Southeast,Mass Affluent,Roth IRA,Fixed Income,0.2697,28236.36
A00203,Steven Wexler,Elise Fontaine,Southeast,Mass Affluent,Roth IRA,Cash & Equivalents,0.1059,11086.64
A00203,Steven Wexler,Elise Fontaine,Southeast,Mass Affluent,Roth IRA,Alternatives,0.0094,984.22
A00204,Steven Wexler,Elise Fontaine,Southeast,Mass Affluent,401(k) Rollover,US Equity,0.4695,43219.05
A00204,Steven Wexler,Elise Fontaine,Southeast,Mass Affluent,401(k) Rollover,International Equity,0.1682,15484.52
A00204,Steven Wexler,Elise Fontaine,Southeast,Mass Affluent,401(k) Rollover,Fixed Income,0.2965,27286.84
A00204,Steven Wexler,Elise Fontaine,Southeast,Mass Affluent,401(k) Rollover,Cash & Equivalents,0.0552,5078.4
A00204,Steven Wexler,Elise Fontaine,Southeast,Mass Affluent,401(k) Rollover,Alternatives,0.0106,976.09
A00206,Emily Sandoval,Warren Tsai,West,High Net Worth,Trust,US Equity,0.4297,206229.98
A00206,Emily Sandoval,Warren Tsai,West,High Net Worth,Trust,International Equity,0.1684,80812.19
A00206,Emily Sandoval,Warren Tsai,West,High Net Worth,Trust,Fixed Income,0.1905,91405.04
A00206,Emily Sandoval,Warren Tsai,West,High Net Worth,Trust,Cash & Equivalents,0.0823,39481.08
A00206,Emily Sandoval,Warren Tsai,West,High Net Worth,Trust,Alternatives,0.1292,61999.44
A00207,Emily Sandoval,Warren Tsai,West,High Net Worth,Taxable Brokerage,US Equity,0.4577,438102.55
A00207,Emily Sandoval,Warren Tsai,West,High Net Worth,Taxable Brokerage,International Equity,0.1665,159368.59
A00207,Emily Sandoval,Warren Tsai,West,High Net Worth,Taxable Brokerage,Fixed Income,0.2486,237939.5
A00207,Emily Sandoval,Warren Tsai,West,High Net Worth,Taxable Brokerage,Cash & Equivalents,0.0328,31426.26
A00207,Emily Sandoval,Warren Tsai,West,High Net Worth,Taxable Brokerage,Alternatives,0.0945,90432.48
A00208,Emily Sandoval,Warren Tsai,West,High Net Worth,Roth IRA,US Equity,0.4329,343342.37
A00208,Emily Sandoval,Warren Tsai,West,High Net Worth,Roth IRA,International Equity,0.136,107867.88
A00208,Emily Sandoval,Warren Tsai,West,High Net Worth,Roth IRA,Fixed Income,0.1808,143375.37
A00208,Emily Sandoval,Warren Tsai,West,High Net Worth,Roth IRA,Cash & Equivalents,0.0837,66376.82
A00208,Emily Sandoval,Warren Tsai,West,High Net Worth,Roth IRA,Alternatives,0.1667,132217.02
A00209,Emily Sandoval,Warren Tsai,West,High Net Worth,401(k) Rollover,US Equity,0.4283,277790.28
A00209,Emily Sandoval,Warren Tsai,West,High Net Worth,401(k) Rollover,International Equity,0.1804,116969.08
A00209,Emily Sandoval,Warren Tsai,West,High Net Worth,401(k) Rollover,Fixed Income,0.2174,141006.54
A00209,Emily Sandoval,Warren Tsai,West,High Net Worth,401(k) Rollover,Cash & Equivalents,0.0712,46151.41
A00209,Emily Sandoval,Warren Tsai,West,High Net Worth,401(k) Rollover,Alternatives,0.1027,66629.0
A00210,Daniel Fontaine,Grant Sheffield,Northeast,High Net Worth,Traditional IRA,US Equity,0.4215,246208.54
A00210,Daniel Fontaine,Grant Sheffield,Northeast,High Net Worth,Traditional IRA,International Equity,0.245,143110.77
A00210,Daniel Fontaine,Grant Sheffield,Northeast,High Net Worth,Traditional IRA,Fixed Income,0.1776,103757.7
A00210,Daniel Fontaine,Grant Sheffield,Northeast,High Net Worth,Traditional IRA,Cash & Equivalents,0.0282,16482.96
A00210,Daniel Fontaine,Grant Sheffield,Northeast,High Net Worth,Traditional IRA,Alternatives,0.1277,74587.05
A00211,Daniel Fontaine,Grant Sheffield,Northeast,High Net Worth,Roth IRA,US Equity,0.391,677040.09
A00211,Daniel Fontaine,Grant Sheffield,Northeast,High Net Worth,Roth IRA,International Equity,0.2593,449000.01
A00211,Daniel Fontaine,Grant Sheffield,Northeast,High Net Worth,Roth IRA,Fixed Income,0.256,443285.98
A00211,Daniel Fontaine,Grant Sheffield,Northeast,High Net Worth,Roth IRA,Cash & Equivalents,0.0106,18332.41
A00211,Daniel Fontaine,Grant Sheffield,Northeast,High Net Worth,Roth IRA,Alternatives,0.083,143721.05
A00212,Daniel Fontaine,Grant Sheffield,Northeast,High Net Worth,Trust,US Equity,0.4153,440361.5
A00212,Daniel Fontaine,Grant Sheffield,Northeast,High Net Worth,Trust,International Equity,0.1661,176155.56
A00212,Daniel Fontaine,Grant Sheffield,Northeast,High Net Worth,Trust,Fixed Income,0.2386,253007.67
A00212,Daniel Fontaine,Grant Sheffield,Northeast,High Net Worth,Trust,Cash & Equivalents,0.1013,107398.31
A00212,Daniel Fontaine,Grant Sheffield,Northeast,High Net Worth,Trust,Alternatives,0.0786,83391.1
A00213,Mark Underhill,Tomas Herrera,Northeast,Mass Affluent,401(k) Rollover,US Equity,0.4029,53550.95
A00213,Mark Underhill,Tomas Herrera,Northeast,Mass Affluent,401(k) Rollover,International Equity,0.1609,21383.55
A00213,Mark Underhill,Tomas Herrera,Northeast,Mass Affluent,401(k) Rollover,Fixed Income,0.3013,40039.0
A00213,Mark Underhill,Tomas Herrera,Northeast,Mass Affluent,401(k) Rollover,Cash & Equivalents,0.0953,12670.72
A00213,Mark Underhill,Tomas Herrera,Northeast,Mass Affluent,401(k) Rollover,Alternatives,0.0396,5264.2
A00214,Mark Underhill,Tomas Herrera,Northeast,Mass Affluent,Traditional IRA,US Equity,0.4151,39231.77
A00214,Mark Underhill,Tomas Herrera,Northeast,Mass Affluent,Traditional IRA,International Equity,0.1842,17409.91
A00214,Mark Underhill,Tomas Herrera,Northeast,Mass Affluent,Traditional IRA,Fixed Income,0.2711,25619.19
A00214,Mark Underhill,Tomas Herrera,Northeast,Mass Affluent,Traditional IRA,Cash & Equivalents,0.0877,8288.18
A00214,Mark Underhill,Tomas Herrera,Northeast,Mass Affluent,Traditional IRA,Alternatives,0.0418,3951.25
A00215,Cynthia Petrov,Priya Raghunathan,Midwest,High Net Worth,401(k) Rollover,US Equity,0.4516,419518.3
A00215,Cynthia Petrov,Priya Raghunathan,Midwest,High Net Worth,401(k) Rollover,International Equity,0.1545,143537.52
A00215,Cynthia Petrov,Priya Raghunathan,Midwest,High Net Worth,401(k) Rollover,Fixed Income,0.199,184819.62
A00215,Cynthia Petrov,Priya Raghunathan,Midwest,High Net Worth,401(k) Rollover,Cash & Equivalents,0.062,57577.56
A00215,Cynthia Petrov,Priya Raghunathan,Midwest,High Net Worth,401(k) Rollover,Alternatives,0.1329,123501.12
A00216,Cynthia Petrov,Priya Raghunathan,Midwest,High Net Worth,Traditional IRA,US Equity,0.4236,340408.41
A00216,Cynthia Petrov,Priya Raghunathan,Midwest,High Net Worth,Traditional IRA,International Equity,0.2321,186550.5
A00216,Cynthia Petrov,Priya Raghunathan,Midwest,High Net Worth,Traditional IRA,Fixed Income,0.2501,200985.71
A00216,Cynthia Petrov,Priya Raghunathan,Midwest,High Net Worth,Traditional IRA,Cash & Equivalents,0.0268,21500.02
A00216,Cynthia Petrov,Priya Raghunathan,Midwest,High Net Worth,Traditional IRA,Alternatives,0.0675,54237.25
A00217,William Emmerich,Nina Castellanos,Southeast,Mass Affluent,Trust,US Equity,0.4974,73788.92
A00217,William Emmerich,Nina Castellanos,Southeast,Mass Affluent,Trust,International Equity,0.1863,27632.22
A00217,William Emmerich,Nina Castellanos,Southeast,Mass Affluent,Trust,Fixed Income,0.2756,40884.66
A00217,William Emmerich,Nina Castellanos,Southeast,Mass Affluent,Trust,Cash & Equivalents,0.0159,2360.75
A00217,William Emmerich,Nina Castellanos,Southeast,Mass Affluent,Trust,Alternatives,0.0248,3680.81
A00218,William Emmerich,Nina Castellanos,Southeast,Mass Affluent,Roth IRA,US Equity,0.499,50521.34
A00218,William Emmerich,Nina Castellanos,Southeast,Mass Affluent,Roth IRA,International Equity,0.155,15694.77
A00218,William Emmerich,Nina Castellanos,Southeast,Mass Affluent,Roth IRA,Fixed Income,0.2539,25707.93
A00218,William Emmerich,Nina Castellanos,Southeast,Mass Affluent,Roth IRA,Cash & Equivalents,0.0823,8336.8
A00218,William Emmerich,Nina Castellanos,Southeast,Mass Affluent,Roth IRA,Alternatives,0.0098,990.33
A00219,Donna Ibarra,Declan Moreau,West,Mass Affluent,Trust,US Equity,0.4118,50882.17
A00219,Donna Ibarra,Declan Moreau,West,Mass Affluent,Trust,International Equity,0.197,24346.11
A00219,Donna Ibarra,Declan Moreau,West,Mass Affluent,Trust,Fixed Income,0.2417,29865.72
A00219,Donna Ibarra,Declan Moreau,West,Mass Affluent,Trust,Cash & Equivalents,0.1268,15669.74
A00219,Donna Ibarra,Declan Moreau,West,Mass Affluent,Trust,Alternatives,0.0226,2797.63
A00220,Donna Ibarra,Declan Moreau,West,Mass Affluent,Roth IRA,US Equity,0.4389,52883.86
A00220,Donna Ibarra,Declan Moreau,West,Mass Affluent,Roth IRA,International Equity,0.219,26383.09
A00220,Donna Ibarra,Declan Moreau,West,Mass Affluent,Roth IRA,Fixed Income,0.281,33864.78
A00220,Donna Ibarra,Declan Moreau,West,Mass Affluent,Roth IRA,Cash & Equivalents,0.0507,6111.31
A00220,Donna Ibarra,Declan Moreau,West,Mass Affluent,Roth IRA,Alternatives,0.0104,1251.93
A00221,Charles Hollis,Dana Whitfield,Midwest,High Net Worth,Traditional IRA,US Equity,0.416,206482.95
A00221,Charles Hollis,Dana Whitfield,Midwest,High Net Worth,Traditional IRA,International Equity,0.2045,101499.83
A00221,Charles Hollis,Dana Whitfield,Midwest,High Net Worth,Traditional IRA,Fixed Income,0.2252,111756.74
A00221,Charles Hollis,Dana Whitfield,Midwest,High Net Worth,Traditional IRA,Cash & Equivalents,0.056,27807.49
A00221,Charles Hollis,Dana Whitfield,Midwest,High Net Worth,Traditional IRA,Alternatives,0.0982,48753.14
A00222,Charles Hollis,Dana Whitfield,Midwest,High Net Worth,Trust,US Equity,0.4536,320738.05
A00222,Charles Hollis,Dana Whitfield,Midwest,High Net Worth,Trust,International Equity,0.1364,96452.16
A00222,Charles Hollis,Dana Whitfield,Midwest,High Net Worth,Trust,Fixed Income,0.2948,208459.06
A00222,Charles Hollis,Dana Whitfield,Midwest,High Net Worth,Trust,Cash & Equivalents,0.0608,42973.26
A00222,Charles Hollis,Dana Whitfield,Midwest,High Net Worth,Trust,Alternatives,0.0543,38413.19
A00223,Charles Hollis,Dana Whitfield,Midwest,High Net Worth,401(k) Rollover,US Equity,0.4016,391364.43
A00223,Charles Hollis,Dana Whitfield,Midwest,High Net Worth,401(k) Rollover,International Equity,0.1909,186066.14
A00223,Charles Hollis,Dana Whitfield,Midwest,High Net Worth,401(k) Rollover,Fixed Income,0.2548,248263.42
A00223,Charles Hollis,Dana Whitfield,Midwest,High Net Worth,401(k) Rollover,Cash & Equivalents,0.0835,81374.02
A00223,Charles Hollis,Dana Whitfield,Midwest,High Net Worth,401(k) Rollover,Alternatives,0.0691,67360.97
A00224,Charles Stroud,Grant Sheffield,Northeast,High Net Worth,Roth IRA,US Equity,0.4011,462714.12
A00224,Charles Stroud,Grant Sheffield,Northeast,High Net Worth,Roth IRA,International Equity,0.2346,270606.86
A00224,Charles Stroud,Grant Sheffield,Northeast,High Net Worth,Roth IRA,Fixed Income,0.2356,271820.38
A00224,Charles Stroud,Grant Sheffield,Northeast,High Net Worth,Roth IRA,Cash & Equivalents,0.0663,76455.96
A00224,Charles Stroud,Grant Sheffield,Northeast,High Net Worth,Roth IRA,Alternatives,0.0625,72128.19
A00225,Charles Stroud,Grant Sheffield,Northeast,High Net Worth,Traditional IRA,US Equity,0.4331,512192.09
A00225,Charles Stroud,Grant Sheffield,Northeast,High Net Worth,Traditional IRA,International Equity,0.1313,155234.2
A00225,Charles Stroud,Grant Sheffield,Northeast,High Net Worth,Traditional IRA,Fixed Income,0.2854,337478.99
A00225,Charles Stroud,Grant Sheffield,Northeast,High Net Worth,Traditional IRA,Cash & Equivalents,0.0238,28120.35
A00225,Charles Stroud,Grant Sheffield,Northeast,High Net Worth,Traditional IRA,Alternatives,0.1265,149639.71
A00226,Laura Ortega,Grant Sheffield,Northeast,High Net Worth,Traditional IRA,US Equity,0.3889,103392.5
A00226,Laura Ortega,Grant Sheffield,Northeast,High Net Worth,Traditional IRA,International Equity,0.1672,44462.98
A00226,Laura Ortega,Grant Sheffield,Northeast,High Net Worth,Traditional IRA,Fixed Income,0.2507,66648.2
A00226,Laura Ortega,Grant Sheffield,Northeast,High Net Worth,Traditional IRA,Cash & Equivalents,0.0586,15590.91
A00226,Laura Ortega,Grant Sheffield,Northeast,High Net Worth,Traditional IRA,Alternatives,0.1346,35781.24
A00227,Laura Ortega,Grant Sheffield,Northeast,High Net Worth,Taxable Brokerage,US Equity,0.3899,1308936.78
A00227,Laura Ortega,Grant Sheffield,Northeast,High Net Worth,Taxable Brokerage,International Equity,0.2089,701458.1
A00227,Laura Ortega,Grant Sheffield,Northeast,High Net Worth,Taxable Brokerage,Fixed Income,0.2697,905496.25
A00227,Laura Ortega,Grant Sheffield,Northeast,High Net Worth,Taxable Brokerage,Cash & Equivalents,0.0677,227329.63
A00227,Laura Ortega,Grant Sheffield,Northeast,High Net Worth,Taxable Brokerage,Alternatives,0.0638,214106.49
A00228,Laura Ortega,Grant Sheffield,Northeast,High Net Worth,Trust,US Equity,0.371,174781.59
A00228,Laura Ortega,Grant Sheffield,Northeast,High Net Worth,Trust,International Equity,0.1861,87683.66
A00228,Laura Ortega,Grant Sheffield,Northeast,High Net Worth,Trust,Fixed Income,0.258,121543.94
A00228,Laura Ortega,Grant Sheffield,Northeast,High Net Worth,Trust,Cash & Equivalents,0.0457,21515.74
A00228,Laura Ortega,Grant Sheffield,Northeast,High Net Worth,Trust,Alternatives,0.1392,65592.87
A00230,Rebecca Petrov,Rowan Blackwell,Southeast,High Net Worth,Roth IRA,US Equity,0.4162,472520.26
A00230,Rebecca Petrov,Rowan Blackwell,Southeast,High Net Worth,Roth IRA,International Equity,0.2538,288200.41
A00230,Rebecca Petrov,Rowan Blackwell,Southeast,High Net Worth,Roth IRA,Fixed Income,0.2323,263729.8
A00230,Rebecca Petrov,Rowan Blackwell,Southeast,High Net Worth,Roth IRA,Cash & Equivalents,0.0295,33522.13
A00230,Rebecca Petrov,Rowan Blackwell,Southeast,High Net Worth,Roth IRA,Alternatives,0.0682,77431.98
A00231,Rebecca Petrov,Rowan Blackwell,Southeast,High Net Worth,Taxable Brokerage,US Equity,0.4131,426298.34
A00231,Rebecca Petrov,Rowan Blackwell,Southeast,High Net Worth,Taxable Brokerage,International Equity,0.2231,230205.54
A00231,Rebecca Petrov,Rowan Blackwell,Southeast,High Net Worth,Taxable Brokerage,Fixed Income,0.1683,173650.92
A00231,Rebecca Petrov,Rowan Blackwell,Southeast,High Net Worth,Taxable Brokerage,Cash & Equivalents,0.0497,51339.66
A00231,Rebecca Petrov,Rowan Blackwell,Southeast,High Net Worth,Taxable Brokerage,Alternatives,0.1458,150461.08
A00232,Rebecca Petrov,Rowan Blackwell,Southeast,High Net Worth,Traditional IRA,US Equity,0.4179,191485.11
A00232,Rebecca Petrov,Rowan Blackwell,Southeast,High Net Worth,Traditional IRA,International Equity,0.192,87971.18
A00232,Rebecca Petrov,Rowan Blackwell,Southeast,High Net Worth,Traditional IRA,Fixed Income,0.2362,108220.55
A00232,Rebecca Petrov,Rowan Blackwell,Southeast,High Net Worth,Traditional IRA,Cash & Equivalents,0.0295,13524.44
A00232,Rebecca Petrov,Rowan Blackwell,Southeast,High Net Worth,Traditional IRA,Alternatives,0.1245,57045.2
A00233,Rebecca Petrov,Rowan Blackwell,Southeast,High Net Worth,Trust,US Equity,0.3978,376294.72
A00233,Rebecca Petrov,Rowan Blackwell,Southeast,High Net Worth,Trust,International Equity,0.1713,162049.41
A00233,Rebecca Petrov,Rowan Blackwell,Southeast,High Net Worth,Trust,Fixed Income,0.2511,237547.75
A00233,Rebecca Petrov,Rowan Blackwell,Southeast,High Net Worth,Trust,Cash & Equivalents,0.0477,45090.53
A00233,Rebecca Petrov,Rowan Blackwell,Southeast,High Net Worth,Trust,Alternatives,0.1322,125044.24
A00234,Maria Okonkwo,Warren Tsai,West,High Net Worth,Traditional IRA,US Equity,0.4259,934771.54
A00234,Maria Okonkwo,Warren Tsai,West,High Net Worth,Traditional IRA,International Equity,0.1828,401292.72
A00234,Maria Okonkwo,Warren Tsai,West,High Net Worth,Traditional IRA,Fixed Income,0.2327,510735.56
A00234,Maria Okonkwo,Warren Tsai,West,High Net Worth,Traditional IRA,Cash & Equivalents,0.0706,154911.15
A00234,Maria Okonkwo,Warren Tsai,West,High Net Worth,Traditional IRA,Alternatives,0.088,193039.34
A00235,George Marchetti,Priya Raghunathan,Midwest,Mass Affluent,401(k) Rollover,US Equity,0.4626,47537.9
A00235,George Marchetti,Priya Raghunathan,Midwest,Mass Affluent,401(k) Rollover,International Equity,0.1474,15148.18
A00235,George Marchetti,Priya Raghunathan,Midwest,Mass Affluent,401(k) Rollover,Fixed Income,0.3064,31491.91
A00235,George Marchetti,Priya Raghunathan,Midwest,Mass Affluent,401(k) Rollover,Cash & Equivalents,0.0733,7536.51
A00235,George Marchetti,Priya Raghunathan,Midwest,Mass Affluent,401(k) Rollover,Alternatives,0.0103,1055.84
A00236,Susan Mbeki,Aisha Bello,Northeast,High Net Worth,Trust,US Equity,0.3668,668257.2
A00236,Susan Mbeki,Aisha Bello,Northeast,High Net Worth,Trust,International Equity,0.2502,455750.23
A00236,Susan Mbeki,Aisha Bello,Northeast,High Net Worth,Trust,Fixed Income,0.2349,427981.2
A00236,Susan Mbeki,Aisha Bello,Northeast,High Net Worth,Trust,Cash & Equivalents,0.077,140211.16
A00236,Susan Mbeki,Aisha Bello,Northeast,High Net Worth,Trust,Alternatives,0.0711,129573.27
A00237,Melissa Lindqvist,Camille Okafor,West,Mass Affluent,Roth IRA,US Equity,0.4581,47605.07
A00237,Melissa Lindqvist,Camille Okafor,West,Mass Affluent,Roth IRA,International Equity,0.2092,21737.41
A00237,Melissa Lindqvist,Camille Okafor,West,Mass Affluent,Roth IRA,Fixed Income,0.249,25876.3
A00237,Melissa Lindqvist,Camille Okafor,West,Mass Affluent,Roth IRA,Cash & Equivalents,0.0682,7087.93
A00237,Melissa Lindqvist,Camille Okafor,West,Mass Affluent,Roth IRA,Alternatives,0.0154,1602.1
A00238,Melissa Lindqvist,Camille Okafor,West,Mass Affluent,Taxable Brokerage,US Equity,0.4363,50607.64
A00238,Melissa Lindqvist,Camille Okafor,West,Mass Affluent,Taxable Brokerage,International Equity,0.0989,11473.83
A00238,Melissa Lindqvist,Camille Okafor,West,Mass Affluent,Taxable Brokerage,Fixed Income,0.353,40943.62
A00238,Melissa Lindqvist,Camille Okafor,West,Mass Affluent,Taxable Brokerage,Cash & Equivalents,0.0593,6873.88
A00238,Melissa Lindqvist,Camille Okafor,West,Mass Affluent,Taxable Brokerage,Alternatives,0.0525,6085.65
A00239,Michael Galloway,Nina Castellanos,Southeast,Mass Affluent,Trust,US Equity,0.4763,78604.57
A00239,Michael Galloway,Nina Castellanos,Southeast,Mass Affluent,Trust,International Equity,0.1606,26503.42
A00239,Michael Galloway,Nina Castellanos,Southeast,Mass Affluent,Trust,Fixed Income,0.3032,50039.68
A00239,Michael Galloway,Nina Castellanos,Southeast,Mass Affluent,Trust,Cash & Equivalents,0.0501,8264.34
A00239,Michael Galloway,Nina Castellanos,Southeast,Mass Affluent,Trust,Alternatives,0.0098,1609.41
A00240,Donna Ortega,Tomas Herrera,Northeast,Mass Affluent,Traditional IRA,US Equity,0.4684,53931.94
A00240,Donna Ortega,Tomas Herrera,Northeast,Mass Affluent,Traditional IRA,International Equity,0.1782,20519.77
A00240,Donna Ortega,Tomas Herrera,Northeast,Mass Affluent,Traditional IRA,Fixed Income,0.263,30283.09
A00240,Donna Ortega,Tomas Herrera,Northeast,Mass Affluent,Traditional IRA,Cash & Equivalents,0.0803,9243.77
A00240,Donna Ortega,Tomas Herrera,Northeast,Mass Affluent,Traditional IRA,Alternatives,0.0101,1168.01
A00241,Donna Ortega,Tomas Herrera,Northeast,Mass Affluent,Roth IRA,US Equity,0.4112,34836.11
A00241,Donna Ortega,Tomas Herrera,Northeast,Mass Affluent,Roth IRA,International Equity,0.1729,14646.78
A00241,Donna Ortega,Tomas Herrera,Northeast,Mass Affluent,Roth IRA,Fixed Income,0.2557,21660.29
A00241,Donna Ortega,Tomas Herrera,Northeast,Mass Affluent,Roth IRA,Cash & Equivalents,0.1113,9431.26
A00241,Donna Ortega,Tomas Herrera,Northeast,Mass Affluent,Roth IRA,Alternatives,0.049,4148.16
A00242,James Wexler,Tomas Herrera,Northeast,High Net Worth,Trust,US Equity,0.3997,480320.67
A00242,James Wexler,Tomas Herrera,Northeast,High Net Worth,Trust,International Equity,0.1983,238232.13
A00242,James Wexler,Tomas Herrera,Northeast,High Net Worth,Trust,Fixed Income,0.257,308786.71
A00242,James Wexler,Tomas Herrera,Northeast,High Net Worth,Trust,Cash & Equivalents,0.045,54017.7
A00242,James Wexler,Tomas Herrera,Northeast,High Net Worth,Trust,Alternatives,0.1,120213.52
A00243,James Wexler,Tomas Herrera,Northeast,High Net Worth,Traditional IRA,US Equity,0.4216,252639.96
A00243,James Wexler,Tomas Herrera,Northeast,High Net Worth,Traditional IRA,International Equity,0.1846,110633.53
A00243,James Wexler,Tomas Herrera,Northeast,High Net Worth,Traditional IRA,Fixed Income,0.2256,135196.05
A00243,James Wexler,Tomas Herrera,Northeast,High Net Worth,Traditional IRA,Cash & Equivalents,0.0487,29194.28
A00243,James Wexler,Tomas Herrera,Northeast,High Net Worth,Traditional IRA,Alternatives,0.1195,71644.78
A00244,James Wexler,Tomas Herrera,Northeast,High Net Worth,Taxable Brokerage,US Equity,0.5251,404431.13
A00244,James Wexler,Tomas Herrera,Northeast,High Net Worth,Taxable Brokerage,International Equity,0.131,100884.99
A00244,James Wexler,Tomas Herrera,Northeast,High Net Worth,Taxable Brokerage,Fixed Income,0.2626,202240.34
A00244,James Wexler,Tomas Herrera,Northeast,High Net Worth,Taxable Brokerage,Cash & Equivalents,0.0167,12847.75
A00244,James Wexler,Tomas Herrera,Northeast,High Net Worth,Taxable Brokerage,Alternatives,0.0647,49818.52
A00245,Andrew Lockhart,Grant Sheffield,Northeast,Mass Affluent,Taxable Brokerage,US Equity,0.4613,21135.38
A00245,Andrew Lockhart,Grant Sheffield,Northeast,Mass Affluent,Taxable Brokerage,International Equity,0.201,9208.21
A00245,Andrew Lockhart,Grant Sheffield,Northeast,Mass Affluent,Taxable Brokerage,Fixed Income,0.2757,12633.1
A00245,Andrew Lockhart,Grant Sheffield,Northeast,Mass Affluent,Taxable Brokerage,Cash & Equivalents,0.052,2381.0
A00245,Andrew Lockhart,Grant Sheffield,Northeast,Mass Affluent,Taxable Brokerage,Alternatives,0.0101,464.16
A00246,Andrew Lockhart,Grant Sheffield,Northeast,Mass Affluent,Roth IRA,US Equity,0.4257,70243.0
A00246,Andrew Lockhart,Grant Sheffield,Northeast,Mass Affluent,Roth IRA,International Equity,0.1238,20434.29
A00246,Andrew Lockhart,Grant Sheffield,Northeast,Mass Affluent,Roth IRA,Fixed Income,0.2923,48228.89
A00246,Andrew Lockhart,Grant Sheffield,Northeast,Mass Affluent,Roth IRA,Cash & Equivalents,0.0864,14264.16
A00246,Andrew Lockhart,Grant Sheffield,Northeast,Mass Affluent,Roth IRA,Alternatives,0.0718,11848.87
A00247,Andrew Lockhart,Grant Sheffield,Northeast,Mass Affluent,Trust,US Equity,0.4386,32410.65
A00247,Andrew Lockhart,Grant Sheffield,Northeast,Mass Affluent,Trust,International Equity,0.1995,14739.37
A00247,Andrew Lockhart,Grant Sheffield,Northeast,Mass Affluent,Trust,Fixed Income,0.2711,20037.11
A00247,Andrew Lockhart,Grant Sheffield,Northeast,Mass Affluent,Trust,Cash & Equivalents,0.0812,6003.34
A00247,Andrew Lockhart,Grant Sheffield,Northeast,Mass Affluent,Trust,Alternatives,0.0096,709.14
A00248,Andrew Lockhart,Grant Sheffield,Northeast,Mass Affluent,Traditional IRA,US Equity,0.4563,56022.03
A00248,Andrew Lockhart,Grant Sheffield,Northeast,Mass Affluent,Traditional IRA,International Equity,0.1163,14279.97
A00248,Andrew Lockhart,Grant Sheffield,Northeast,Mass Affluent,Traditional IRA,Fixed Income,0.2823,34656.31
A00248,Andrew Lockhart,Grant Sheffield,Northeast,Mass Affluent,Traditional IRA,Cash & Equivalents,0.0945,11598.52
A00248,Andrew Lockhart,Grant Sheffield,Northeast,Mass Affluent,Traditional IRA,Alternatives,0.0507,6219.76
A00249,Charles Underhill,Elise Fontaine,Southeast,Mass Affluent,Roth IRA,US Equity,0.4773,64664.39
A00249,Charles Underhill,Elise Fontaine,Southeast,Mass Affluent,Roth IRA,International Equity,0.1593,21588.98
A00249,Charles Underhill,Elise Fontaine,Southeast,Mass Affluent,Roth IRA,Fixed Income,0.2602,35255.94
A00249,Charles Underhill,Elise Fontaine,Southeast,Mass Affluent,Roth IRA,Cash & Equivalents,0.0933,12638.64
A00249,Charles Underhill,Elise Fontaine,Southeast,Mass Affluent,Roth IRA,Alternatives,0.0099,1334.64
A00250,Mark Kowalski,Declan Moreau,West,High Net Worth,401(k) Rollover,US Equity,0.4425,361148.39
A00250,Mark Kowalski,Declan Moreau,West,High Net Worth,401(k) Rollover,International Equity,0.1782,145433.43
A00250,Mark Kowalski,Declan Moreau,West,High Net Worth,401(k) Rollover,Fixed Income,0.2425,197913.96
A00250,Mark Kowalski,Declan Moreau,West,High Net Worth,401(k) Rollover,Cash & Equivalents,0.0595,48598.19
A00250,Mark Kowalski,Declan Moreau,West,High Net Worth,401(k) Rollover,Alternatives,0.0773,63121.36
A00251,Mark Kowalski,Declan Moreau,West,High Net Worth,Roth IRA,US Equity,0.4319,238360.4
A00251,Mark Kowalski,Declan Moreau,West,High Net Worth,Roth IRA,International Equity,0.1865,102958.09
A00251,Mark Kowalski,Declan Moreau,West,High Net Worth,Roth IRA,Fixed Income,0.2683,148108.97
A00251,Mark Kowalski,Declan Moreau,West,High Net Worth,Roth IRA,Cash & Equivalents,0.0853,47090.78
A00251,Mark Kowalski,Declan Moreau,West,High Net Worth,Roth IRA,Alternatives,0.0279,15411.64
A00252,Mark Kowalski,Declan Moreau,West,High Net Worth,Traditional IRA,US Equity,0.4312,495535.86
A00252,Mark Kowalski,Declan Moreau,West,High Net Worth,Traditional IRA,International Equity,0.1609,184890.13
A00252,Mark Kowalski,Declan Moreau,West,High Net Worth,Traditional IRA,Fixed Income,0.2357,270835.57
A00252,Mark Kowalski,Declan Moreau,West,High Net Worth,Traditional IRA,Cash & Equivalents,0.0664,76331.14
A00252,Mark Kowalski,Declan Moreau,West,High Net Worth,Traditional IRA,Alternatives,0.1058,121583.47
A00253,Mark Kowalski,Declan Moreau,West,High Net Worth,Trust,US Equity,0.4307,319977.47
A00253,Mark Kowalski,Declan Moreau,West,High Net Worth,Trust,International Equity,0.1734,128831.26
A00253,Mark Kowalski,Declan Moreau,West,High Net Worth,Trust,Fixed Income,0.2006,149030.91
A00253,Mark Kowalski,Declan Moreau,West,High Net Worth,Trust,Cash & Equivalents,0.0683,50702.97
A00253,Mark Kowalski,Declan Moreau,West,High Net Worth,Trust,Alternatives,0.127,94338.31
A00254,George Underhill,Warren Tsai,West,Mass Affluent,Traditional IRA,US Equity,0.4147,67757.11
A00254,George Underhill,Warren Tsai,West,Mass Affluent,Traditional IRA,International Equity,0.1858,30363.58
A00254,George Underhill,Warren Tsai,West,Mass Affluent,Traditional IRA,Fixed Income,0.324,52946.67
A00254,George Underhill,Warren Tsai,West,Mass Affluent,Traditional IRA,Cash & Equivalents,0.0613,10017.14
A00254,George Underhill,Warren Tsai,West,Mass Affluent,Traditional IRA,Alternatives,0.0141,2308.42
A00255,Ryan Ellsworth,Marcus Ellery,Midwest,Mass Affluent,Trust,US Equity,0.5094,37647.07
A00255,Ryan Ellsworth,Marcus Ellery,Midwest,Mass Affluent,Trust,International Equity,0.2261,16707.48
A00255,Ryan Ellsworth,Marcus Ellery,Midwest,Mass Affluent,Trust,Fixed Income,0.245,18108.77
A00255,Ryan Ellsworth,Marcus Ellery,Midwest,Mass Affluent,Trust,Cash & Equivalents,0.0098,721.06
A00255,Ryan Ellsworth,Marcus Ellery,Midwest,Mass Affluent,Trust,Alternatives,0.0098,721.06
A00256,Ryan Ellsworth,Marcus Ellery,Midwest,Mass Affluent,401(k) Rollover,US Equity,0.4623,37732.31
A00256,Ryan Ellsworth,Marcus Ellery,Midwest,Mass Affluent,401(k) Rollover,International Equity,0.1182,9650.12
A00256,Ryan Ellsworth,Marcus Ellery,Midwest,Mass Affluent,401(k) Rollover,Fixed Income,0.3027,24705.88
A00256,Ryan Ellsworth,Marcus Ellery,Midwest,Mass Affluent,401(k) Rollover,Cash & Equivalents,0.1068,8716.5
A00256,Ryan Ellsworth,Marcus Ellery,Midwest,Mass Affluent,401(k) Rollover,Alternatives,0.0099,806.89
A00258,Kimberly Whitfield,Elise Fontaine,Southeast,High Net Worth,Roth IRA,US Equity,0.368,439146.74
A00258,Kimberly Whitfield,Elise Fontaine,Southeast,High Net Worth,Roth IRA,International Equity,0.241,287571.42
A00258,Kimberly Whitfield,Elise Fontaine,Southeast,High Net Worth,Roth IRA,Fixed Income,0.2134,254687.7
A00258,Kimberly Whitfield,Elise Fontaine,Southeast,High Net Worth,Roth IRA,Cash & Equivalents,0.0671,80029.09
A00258,Kimberly Whitfield,Elise Fontaine,Southeast,High Net Worth,Roth IRA,Alternatives,0.1106,131999.45
A00259,Kimberly Whitfield,Elise Fontaine,Southeast,High Net Worth,Trust,US Equity,0.4239,351804.26
A00259,Kimberly Whitfield,Elise Fontaine,Southeast,High Net Worth,Trust,International Equity,0.2306,191385.2
A00259,Kimberly Whitfield,Elise Fontaine,Southeast,High Net Worth,Trust,Fixed Income,0.1791,148621.3
A00259,Kimberly Whitfield,Elise Fontaine,Southeast,High Net Worth,Trust,Cash & Equivalents,0.0538,44620.79
A00259,Kimberly Whitfield,Elise Fontaine,Southeast,High Net Worth,Trust,Alternatives,0.1127,93503.46
A00260,Cynthia Jensen,Nina Castellanos,Southeast,High Net Worth,Traditional IRA,US Equity,0.4577,364731.97
A00260,Cynthia Jensen,Nina Castellanos,Southeast,High Net Worth,Traditional IRA,International Equity,0.2208,175958.43
A00260,Cynthia Jensen,Nina Castellanos,Southeast,High Net Worth,Traditional IRA,Fixed Income,0.185,147432.83
A00260,Cynthia Jensen,Nina Castellanos,Southeast,High Net Worth,Traditional IRA,Cash & Equivalents,0.0733,58420.87
A00260,Cynthia Jensen,Nina Castellanos,Southeast,High Net Worth,Traditional IRA,Alternatives,0.0633,50417.88
A00261,Cynthia Jensen,Nina Castellanos,Southeast,High Net Worth,Roth IRA,US Equity,0.3743,217545.48
A00261,Cynthia Jensen,Nina Castellanos,Southeast,High Net Worth,Roth IRA,International Equity,0.2086,121195.59
A00261,Cynthia Jensen,Nina Castellanos,Southeast,High Net Worth,Roth IRA,Fixed Income,0.2102,122164.76
A00261,Cynthia Jensen,Nina Castellanos,Southeast,High Net Worth,Roth IRA,Cash & Equivalents,0.0965,56061.25
A00261,Cynthia Jensen,Nina Castellanos,Southeast,High Net Worth,Roth IRA,Alternatives,0.1104,64165.84
A00262,Cynthia Jensen,Nina Castellanos,Southeast,High Net Worth,Taxable Brokerage,US Equity,0.4327,616556.33
A00262,Cynthia Jensen,Nina Castellanos,Southeast,High Net Worth,Taxable Brokerage,International Equity,0.1556,221646.95
A00262,Cynthia Jensen,Nina Castellanos,Southeast,High Net Worth,Taxable Brokerage,Fixed Income,0.238,339161.2
A00262,Cynthia Jensen,Nina Castellanos,Southeast,High Net Worth,Taxable Brokerage,Cash & Equivalents,0.053,75504.83
A00262,Cynthia Jensen,Nina Castellanos,Southeast,High Net Worth,Taxable Brokerage,Alternatives,0.1207,172003.33
A00264,Jeffrey Mbeki,Grant Sheffield,Northeast,Mass Affluent,Trust,US Equity,0.4724,125159.63
A00264,Jeffrey Mbeki,Grant Sheffield,Northeast,Mass Affluent,Trust,International Equity,0.1385,36705.26
A00264,Jeffrey Mbeki,Grant Sheffield,Northeast,Mass Affluent,Trust,Fixed Income,0.292,77371.51
A00264,Jeffrey Mbeki,Grant Sheffield,Northeast,Mass Affluent,Trust,Cash & Equivalents,0.0867,22967.1
A00264,Jeffrey Mbeki,Grant Sheffield,Northeast,Mass Affluent,Trust,Alternatives,0.0104,2768.05
A00265,Kenneth Bergeron,Grant Sheffield,Northeast,Mass Affluent,Taxable Brokerage,US Equity,0.389,52873.25
A00265,Kenneth Bergeron,Grant Sheffield,Northeast,Mass Affluent,Taxable Brokerage,International Equity,0.1823,24777.38
A00265,Kenneth Bergeron,Grant Sheffield,Northeast,Mass Affluent,Taxable Brokerage,Fixed Income,0.2881,39160.62
A00265,Kenneth Bergeron,Grant Sheffield,Northeast,Mass Affluent,Taxable Brokerage,Cash & Equivalents,0.1307,17765.24
A00265,Kenneth Bergeron,Grant Sheffield,Northeast,Mass Affluent,Taxable Brokerage,Alternatives,0.01,1357.42
A00267,Daniel Nguyen,Camille Okafor,West,Ultra High Net Worth,Roth IRA,US Equity,0.3658,1217421.94
A00267,Daniel Nguyen,Camille Okafor,West,Ultra High Net Worth,Roth IRA,International Equity,0.1967,654551.02
A00267,Daniel Nguyen,Camille Okafor,West,Ultra High Net Worth,Roth IRA,Fixed Income,0.2085,694074.97
A00267,Daniel Nguyen,Camille Okafor,West,Ultra High Net Worth,Roth IRA,Cash & Equivalents,0.0435,144909.23
A00267,Daniel Nguyen,Camille Okafor,West,Ultra High Net Worth,Roth IRA,Alternatives,0.1854,617150.32
A00268,Daniel Nguyen,Camille Okafor,West,Ultra High Net Worth,Trust,US Equity,0.2938,968637.55
A00268,Daniel Nguyen,Camille Okafor,West,Ultra High Net Worth,Trust,International Equity,0.2278,750897.96
A00268,Daniel Nguyen,Camille Okafor,West,Ultra High Net Worth,Trust,Fixed Income,0.2348,774272.52
A00268,Daniel Nguyen,Camille Okafor,West,Ultra High Net Worth,Trust,Cash & Equivalents,0.0632,208288.62
A00268,Daniel Nguyen,Camille Okafor,West,Ultra High Net Worth,Trust,Alternatives,0.1804,594899.88
A00269,Sandra Sandoval,Warren Tsai,West,High Net Worth,Trust,US Equity,0.4347,260911.88
A00269,Sandra Sandoval,Warren Tsai,West,High Net Worth,Trust,International Equity,0.1906,114375.42
A00269,Sandra Sandoval,Warren Tsai,West,High Net Worth,Trust,Fixed Income,0.2534,152105.75
A00269,Sandra Sandoval,Warren Tsai,West,High Net Worth,Trust,Cash & Equivalents,0.0502,30147.11
A00269,Sandra Sandoval,Warren Tsai,West,High Net Worth,Trust,Alternatives,0.0711,42696.29
A00270,Sandra Sandoval,Warren Tsai,West,High Net Worth,Taxable Brokerage,US Equity,0.464,264550.21
A00270,Sandra Sandoval,Warren Tsai,West,High Net Worth,Taxable Brokerage,International Equity,0.1805,102939.87
A00270,Sandra Sandoval,Warren Tsai,West,High Net Worth,Taxable Brokerage,Fixed Income,0.2401,136875.7
A00270,Sandra Sandoval,Warren Tsai,West,High Net Worth,Taxable Brokerage,Cash & Equivalents,0.0301,17166.6
A00270,Sandra Sandoval,Warren Tsai,West,High Net Worth,Taxable Brokerage,Alternatives,0.0853,48659.25
A00271,Sandra Sandoval,Warren Tsai,West,High Net Worth,401(k) Rollover,US Equity,0.4739,190656.33
A00271,Sandra Sandoval,Warren Tsai,West,High Net Worth,401(k) Rollover,International Equity,0.1659,66757.99
A00271,Sandra Sandoval,Warren Tsai,West,High Net Worth,401(k) Rollover,Fixed Income,0.2407,96815.27
A00271,Sandra Sandoval,Warren Tsai,West,High Net Worth,401(k) Rollover,Cash & Equivalents,0.012,4843.19
A00271,Sandra Sandoval,Warren Tsai,West,High Net Worth,401(k) Rollover,Alternatives,0.1074,43221.75
A00272,Brian Reyes,Rowan Blackwell,Southeast,Mass Affluent,Traditional IRA,US Equity,0.4726,156816.97
A00272,Brian Reyes,Rowan Blackwell,Southeast,Mass Affluent,Traditional IRA,International Equity,0.1114,36976.02
A00272,Brian Reyes,Rowan Blackwell,Southeast,Mass Affluent,Traditional IRA,Fixed Income,0.2988,99164.39
A00272,Brian Reyes,Rowan Blackwell,Southeast,Mass Affluent,Traditional IRA,Cash & Equivalents,0.1058,35105.27
A00272,Brian Reyes,Rowan Blackwell,Southeast,Mass Affluent,Traditional IRA,Alternatives,0.0114,3787.16
A00273,Jason Haddad,Warren Tsai,West,High Net Worth,401(k) Rollover,US Equity,0.4112,2011110.96
A00273,Jason Haddad,Warren Tsai,West,High Net Worth,401(k) Rollover,International Equity,0.1109,542423.64
A00273,Jason Haddad,Warren Tsai,West,High Net Worth,401(k) Rollover,Fixed Income,0.2513,1229066.31
A00273,Jason Haddad,Warren Tsai,West,High Net Worth,401(k) Rollover,Cash & Equivalents,0.0875,428112.34
A00273,Jason Haddad,Warren Tsai,West,High Net Worth,401(k) Rollover,Alternatives,0.139,679648.21
A00274,Barbara Vance,Tomas Herrera,Northeast,Mass Affluent,Roth IRA,US Equity,0.4673,80508.68
A00274,Barbara Vance,Tomas Herrera,Northeast,Mass Affluent,Roth IRA,International Equity,0.1579,27198.34
A00274,Barbara Vance,Tomas Herrera,Northeast,Mass Affluent,Roth IRA,Fixed Income,0.2784,47959.24
A00274,Barbara Vance,Tomas Herrera,Northeast,Mass Affluent,Roth IRA,Cash & Equivalents,0.0855,14724.69
A00274,Barbara Vance,Tomas Herrera,Northeast,Mass Affluent,Roth IRA,Alternatives,0.0109,1876.14
A00275,Barbara Vance,Tomas Herrera,Northeast,Mass Affluent,401(k) Rollover,US Equity,0.3972,42710.24
A00275,Barbara Vance,Tomas Herrera,Northeast,Mass Affluent,401(k) Rollover,International Equity,0.1691,18184.68
A00275,Barbara Vance,Tomas Herrera,Northeast,Mass Affluent,401(k) Rollover,Fixed Income,0.2699,29021.12
A00275,Barbara Vance,Tomas Herrera,Northeast,Mass Affluent,401(k) Rollover,Cash & Equivalents,0.1019,10963.18
A00275,Barbara Vance,Tomas Herrera,Northeast,Mass Affluent,401(k) Rollover,Alternatives,0.0619,6658.92
A00276,Barbara Vance,Tomas Herrera,Northeast,Mass Affluent,Trust,US Equity,0.4492,97075.27
A00276,Barbara Vance,Tomas Herrera,Northeast,Mass Affluent,Trust,International Equity,0.1786,38587.52
A00276,Barbara Vance,Tomas Herrera,Northeast,Mass Affluent,Trust,Fixed Income,0.2773,59920.58
A00276,Barbara Vance,Tomas Herrera,Northeast,Mass Affluent,Trust,Cash & Equivalents,0.0856,18493.36
A00276,Barbara Vance,Tomas Herrera,Northeast,Mass Affluent,Trust,Alternatives,0.0094,2035.82
A00277,Joshua Hollis,Tomas Herrera,Northeast,Mass Affluent,Roth IRA,US Equity,0.4573,37044.13
A00277,Joshua Hollis,Tomas Herrera,Northeast,Mass Affluent,Roth IRA,International Equity,0.1515,12269.95
A00277,Joshua Hollis,Tomas Herrera,Northeast,Mass Affluent,Roth IRA,Fixed Income,0.2765,22396.54
A00277,Joshua Hollis,Tomas Herrera,Northeast,Mass Affluent,Roth IRA,Cash & Equivalents,0.1057,8559.47
A00277,Joshua Hollis,Tomas Herrera,Northeast,Mass Affluent,Roth IRA,Alternatives,0.0091,734.69
A00278,Joshua Hollis,Tomas Herrera,Northeast,Mass Affluent,Traditional IRA,US Equity,0.4172,35477.76
A00278,Joshua Hollis,Tomas Herrera,Northeast,Mass Affluent,Traditional IRA,International Equity,0.1619,13767.9
A00278,Joshua Hollis,Tomas Herrera,Northeast,Mass Affluent,Traditional IRA,Fixed Income,0.2937,24977.17
A00278,Joshua Hollis,Tomas Herrera,Northeast,Mass Affluent,Traditional IRA,Cash & Equivalents,0.0735,6246.55
A00278,Joshua Hollis,Tomas Herrera,Northeast,Mass Affluent,Traditional IRA,Alternatives,0.0537,4564.26
A00279,Joshua Hollis,Tomas Herrera,Northeast,Mass Affluent,Trust,US Equity,0.4117,62126.82
A00279,Joshua Hollis,Tomas Herrera,Northeast,Mass Affluent,Trust,International Equity,0.1682,25381.38
A00279,Joshua Hollis,Tomas Herrera,Northeast,Mass Affluent,Trust,Fixed Income,0.3244,48955.89
A00279,Joshua Hollis,Tomas Herrera,Northeast,Mass Affluent,Trust,Cash & Equivalents,0.0867,13083.16
A00279,Joshua Hollis,Tomas Herrera,Northeast,Mass Affluent,Trust,Alternatives,0.0091,1370.8
A00280,James Bergeron,Aisha Bello,Northeast,Mass Affluent,401(k) Rollover,US Equity,0.5209,136468.99
A00280,James Bergeron,Aisha Bello,Northeast,Mass Affluent,401(k) Rollover,International Equity,0.0937,24561.7
A00280,James Bergeron,Aisha Bello,Northeast,Mass Affluent,401(k) Rollover,Fixed Income,0.2565,67209.52
A00280,James Bergeron,Aisha Bello,Northeast,Mass Affluent,401(k) Rollover,Cash & Equivalents,0.0698,18291.05
A00280,James Bergeron,Aisha Bello,Northeast,Mass Affluent,401(k) Rollover,Alternatives,0.059,15463.68
A00281,James Bergeron,Aisha Bello,Northeast,Mass Affluent,Roth IRA,US Equity,0.4467,181494.27
A00281,James Bergeron,Aisha Bello,Northeast,Mass Affluent,Roth IRA,International Equity,0.1418,57614.99
A00281,James Bergeron,Aisha Bello,Northeast,Mass Affluent,Roth IRA,Fixed Income,0.2299,93428.83
A00281,James Bergeron,Aisha Bello,Northeast,Mass Affluent,Roth IRA,Cash & Equivalents,0.1187,48219.9
A00281,James Bergeron,Aisha Bello,Northeast,Mass Affluent,Roth IRA,Alternatives,0.0629,25566.51
A00282,Amanda Quinlan,Elise Fontaine,Southeast,Mass Affluent,401(k) Rollover,US Equity,0.4413,94467.12
A00282,Amanda Quinlan,Elise Fontaine,Southeast,Mass Affluent,401(k) Rollover,International Equity,0.2037,43612.39
A00282,Amanda Quinlan,Elise Fontaine,Southeast,Mass Affluent,401(k) Rollover,Fixed Income,0.2484,53167.78
A00282,Amanda Quinlan,Elise Fontaine,Southeast,Mass Affluent,401(k) Rollover,Cash & Equivalents,0.0937,20061.64
A00282,Amanda Quinlan,Elise Fontaine,Southeast,Mass Affluent,401(k) Rollover,Alternatives,0.0129,2759.21
A00283,Ronald Kirkland,Marcus Ellery,Midwest,High Net Worth,Traditional IRA,US Equity,0.418,544462.82
A00283,Ronald Kirkland,Marcus Ellery,Midwest,High Net Worth,Traditional IRA,International Equity,0.1606,209247.44
A00283,Ronald Kirkland,Marcus Ellery,Midwest,High Net Worth,Traditional IRA,Fixed Income,0.2322,302403.16
A00283,Ronald Kirkland,Marcus Ellery,Midwest,High Net Worth,Traditional IRA,Cash & Equivalents,0.0526,68499.79
A00283,Ronald Kirkland,Marcus Ellery,Midwest,High Net Worth,Traditional IRA,Alternatives,0.1366,177992.72
A00284,Ronald Kirkland,Marcus Ellery,Midwest,High Net Worth,Roth IRA,US Equity,0.3498,189160.7
A00284,Ronald Kirkland,Marcus Ellery,Midwest,High Net Worth,Roth IRA,International Equity,0.1832,99059.31
A00284,Ronald Kirkland,Marcus Ellery,Midwest,High Net Worth,Roth IRA,Fixed Income,0.2987,161527.99
A00284,Ronald Kirkland,Marcus Ellery,Midwest,High Net Worth,Roth IRA,Cash & Equivalents,0.0435,23506.27
A00284,Ronald Kirkland,Marcus Ellery,Midwest,High Net Worth,Roth IRA,Alternatives,0.125,67591.02
A00285,Steven Ferreira,Priya Raghunathan,Midwest,Mass Affluent,Traditional IRA,US Equity,0.4714,197855.89
A00285,Steven Ferreira,Priya Raghunathan,Midwest,Mass Affluent,Traditional IRA,International Equity,0.1576,66151.55
A00285,Steven Ferreira,Priya Raghunathan,Midwest,Mass Affluent,Traditional IRA,Fixed Income,0.3024,126912.59
A00285,Steven Ferreira,Priya Raghunathan,Midwest,Mass Affluent,Traditional IRA,Cash & Equivalents,0.0549,23057.86
A00285,Steven Ferreira,Priya Raghunathan,Midwest,Mass Affluent,Traditional IRA,Alternatives,0.0136,5699.76
A00286,Brian Vance,Nina Castellanos,Southeast,High Net Worth,Traditional IRA,US Equity,0.4256,355833.01
A00286,Brian Vance,Nina Castellanos,Southeast,High Net Worth,Traditional IRA,International Equity,0.2207,184565.85
A00286,Brian Vance,Nina Castellanos,Southeast,High Net Worth,Traditional IRA,Fixed Income,0.2187,182819.02
A00286,Brian Vance,Nina Castellanos,Southeast,High Net Worth,Traditional IRA,Cash & Equivalents,0.0467,39019.44
A00286,Brian Vance,Nina Castellanos,Southeast,High Net Worth,Traditional IRA,Alternatives,0.0883,73866.52
A00287,Brian Vance,Nina Castellanos,Southeast,High Net Worth,401(k) Rollover,US Equity,0.3636,179513.82
A00287,Brian Vance,Nina Castellanos,Southeast,High Net Worth,401(k) Rollover,International Equity,0.1711,84472.1
A00287,Brian Vance,Nina Castellanos,Southeast,High Net Worth,401(k) Rollover,Fixed Income,0.2827,139591.88
A00287,Brian Vance,Nina Castellanos,Southeast,High Net Worth,401(k) Rollover,Cash & Equivalents,0.0887,43818.94
A00287,Brian Vance,Nina Castellanos,Southeast,High Net Worth,401(k) Rollover,Alternatives,0.0939,46380.2
A00288,Brian Vance,Nina Castellanos,Southeast,High Net Worth,Trust,US Equity,0.4575,250099.95
A00288,Brian Vance,Nina Castellanos,Southeast,High Net Worth,Trust,International Equity,0.2275,124373.45
A00288,Brian Vance,Nina Castellanos,Southeast,High Net Worth,Trust,Fixed Income,0.1972,107803.08
A00288,Brian Vance,Nina Castellanos,Southeast,High Net Worth,Trust,Cash & Equivalents,0.0392,21417.34
A00288,Brian Vance,Nina Castellanos,Southeast,High Net Worth,Trust,Alternatives,0.0787,43025.05
A00289,Brian Vance,Nina Castellanos,Southeast,High Net Worth,Roth IRA,US Equity,0.4091,198117.95
A00289,Brian Vance,Nina Castellanos,Southeast,High Net Worth,Roth IRA,International Equity,0.1848,89500.17
A00289,Brian Vance,Nina Castellanos,Southeast,High Net Worth,Roth IRA,Fixed Income,0.2233,108144.63
A00289,Brian Vance,Nina Castellanos,Southeast,High Net Worth,Roth IRA,Cash & Equivalents,0.0492,23824.9
A00289,Brian Vance,Nina Castellanos,Southeast,High Net Worth,Roth IRA,Alternatives,0.1336,64723.24
A00290,Andrew Delacroix,Warren Tsai,West,Mass Affluent,Trust,US Equity,0.4311,60989.51
A00290,Andrew Delacroix,Warren Tsai,West,Mass Affluent,Trust,International Equity,0.1226,17343.04
A00290,Andrew Delacroix,Warren Tsai,West,Mass Affluent,Trust,Fixed Income,0.3103,43908.63
A00290,Andrew Delacroix,Warren Tsai,West,Mass Affluent,Trust,Cash & Equivalents,0.1206,17058.74
A00290,Andrew Delacroix,Warren Tsai,West,Mass Affluent,Trust,Alternatives,0.0154,2182.93
A00291,Andrew Delacroix,Warren Tsai,West,Mass Affluent,401(k) Rollover,US Equity,0.4708,60217.32
A00291,Andrew Delacroix,Warren Tsai,West,Mass Affluent,401(k) Rollover,International Equity,0.1512,19337.18
A00291,Andrew Delacroix,Warren Tsai,West,Mass Affluent,401(k) Rollover,Fixed Income,0.2272,29061.59
A00291,Andrew Delacroix,Warren Tsai,West,Mass Affluent,401(k) Rollover,Cash & Equivalents,0.0899,11494.68
A00291,Andrew Delacroix,Warren Tsai,West,Mass Affluent,401(k) Rollover,Alternatives,0.0609,7787.5
A00293,Ashley Pemberton,Camille Okafor,West,Mass Affluent,401(k) Rollover,US Equity,0.4513,21800.79
A00293,Ashley Pemberton,Camille Okafor,West,Mass Affluent,401(k) Rollover,International Equity,0.1314,6344.48
A00293,Ashley Pemberton,Camille Okafor,West,Mass Affluent,401(k) Rollover,Fixed Income,0.2831,13673.83
A00293,Ashley Pemberton,Camille Okafor,West,Mass Affluent,401(k) Rollover,Cash & Equivalents,0.0782,3775.28
A00293,Ashley Pemberton,Camille Okafor,West,Mass Affluent,401(k) Rollover,Alternatives,0.056,2707.12
A00294,Amanda Delacroix,Declan Moreau,West,High Net Worth,Taxable Brokerage,US Equity,0.3935,499915.94
A00294,Amanda Delacroix,Declan Moreau,West,High Net Worth,Taxable Brokerage,International Equity,0.2283,290019.94
A00294,Amanda Delacroix,Declan Moreau,West,High Net Worth,Taxable Brokerage,Fixed Income,0.2102,267042.2
A00294,Amanda Delacroix,Declan Moreau,West,High Net Worth,Taxable Brokerage,Cash & Equivalents,0.0451,57339.75
A00294,Amanda Delacroix,Declan Moreau,West,High Net Worth,Taxable Brokerage,Alternatives,0.1228,155986.31
A00295,Amanda Delacroix,Declan Moreau,West,High Net Worth,Traditional IRA,US Equity,0.3598,271378.3
A00295,Amanda Delacroix,Declan Moreau,West,High Net Worth,Traditional IRA,International Equity,0.24,181023.97
A00295,Amanda Delacroix,Declan Moreau,West,High Net Worth,Traditional IRA,Fixed Income,0.2474,186582.4
A00295,Amanda Delacroix,Declan Moreau,West,High Net Worth,Traditional IRA,Cash & Equivalents,0.0521,39315.08
A00295,Amanda Delacroix,Declan Moreau,West,High Net Worth,Traditional IRA,Alternatives,0.1006,75866.63
A00296,Maria Anderson,Warren Tsai,West,High Net Worth,Traditional IRA,US Equity,0.4222,463021.26
A00296,Maria Anderson,Warren Tsai,West,High Net Worth,Traditional IRA,International Equity,0.2045,224278.54
A00296,Maria Anderson,Warren Tsai,West,High Net Worth,Traditional IRA,Fixed Income,0.1761,193162.51
A00296,Maria Anderson,Warren Tsai,West,High Net Worth,Traditional IRA,Cash & Equivalents,0.0625,68486.5
A00296,Maria Anderson,Warren Tsai,West,High Net Worth,Traditional IRA,Alternatives,0.1346,147643.42
A00297,Maria Anderson,Warren Tsai,West,High Net Worth,401(k) Rollover,US Equity,0.4308,660007.25
A00297,Maria Anderson,Warren Tsai,West,High Net Worth,401(k) Rollover,International Equity,0.1878,287692.73
A00297,Maria Anderson,Warren Tsai,West,High Net Worth,401(k) Rollover,Fixed Income,0.2727,417808.95
A00297,Maria Anderson,Warren Tsai,West,High Net Worth,401(k) Rollover,Cash & Equivalents,0.0122,18663.42
A00297,Maria Anderson,Warren Tsai,West,High Net Worth,401(k) Rollover,Alternatives,0.0965,147863.06
A00298,Ronald Ferreira,Camille Okafor,West,Mass Affluent,Trust,US Equity,0.4284,58288.0
A00298,Ronald Ferreira,Camille Okafor,West,Mass Affluent,Trust,International Equity,0.1471,20020.4
A00298,Ronald Ferreira,Camille Okafor,West,Mass Affluent,Trust,Fixed Income,0.2742,37311.78
A00298,Ronald Ferreira,Camille Okafor,West,Mass Affluent,Trust,Cash & Equivalents,0.0836,11378.37
A00298,Ronald Ferreira,Camille Okafor,West,Mass Affluent,Trust,Alternatives,0.0666,9057.5
A00299,Ronald Ferreira,Camille Okafor,West,Mass Affluent,Taxable Brokerage,US Equity,0.4604,143121.25
A00299,Ronald Ferreira,Camille Okafor,West,Mass Affluent,Taxable Brokerage,International Equity,0.1597,49639.42
A00299,Ronald Ferreira,Camille Okafor,West,Mass Affluent,Taxable Brokerage,Fixed Income,0.2835,88134.24
A00299,Ronald Ferreira,Camille Okafor,West,Mass Affluent,Taxable Brokerage,Cash & Equivalents,0.0868,26975.19
A00299,Ronald Ferreira,Camille Okafor,West,Mass Affluent,Taxable Brokerage,Alternatives,0.0096,2991.5
A00300,Linda Brennan,Dana Whitfield,Midwest,High Net Worth,Roth IRA,US Equity,0.3992,1821416.18
A00300,Linda Brennan,Dana Whitfield,Midwest,High Net Worth,Roth IRA,International Equity,0.1671,762158.41
A00300,Linda Brennan,Dana Whitfield,Midwest,High Net Worth,Roth IRA,Fixed Income,0.3202,1460963.88
A00300,Linda Brennan,Dana Whitfield,Midwest,High Net Worth,Roth IRA,Cash & Equivalents,0.0333,151898.37
A00300,Linda Brennan,Dana Whitfield,Midwest,High Net Worth,Roth IRA,Alternatives,0.0802,365989.91
A00301,Michael Thorne,Rowan Blackwell,Southeast,Mass Affluent,Traditional IRA,US Equity,0.4292,32953.56
A00301,Michael Thorne,Rowan Blackwell,Southeast,Mass Affluent,Traditional IRA,International Equity,0.1504,11544.09
A00301,Michael Thorne,Rowan Blackwell,Southeast,Mass Affluent,Traditional IRA,Fixed Income,0.2908,22324.74
A00301,Michael Thorne,Rowan Blackwell,Southeast,Mass Affluent,Traditional IRA,Cash & Equivalents,0.1072,8232.04
A00301,Michael Thorne,Rowan Blackwell,Southeast,Mass Affluent,Traditional IRA,Alternatives,0.0225,1724.5
A00302,Michael Thorne,Rowan Blackwell,Southeast,Mass Affluent,401(k) Rollover,US Equity,0.4791,36850.92
A00302,Michael Thorne,Rowan Blackwell,Southeast,Mass Affluent,401(k) Rollover,International Equity,0.1696,13044.22
A00302,Michael Thorne,Rowan Blackwell,Southeast,Mass Affluent,401(k) Rollover,Fixed Income,0.2691,20696.19
A00302,Michael Thorne,Rowan Blackwell,Southeast,Mass Affluent,401(k) Rollover,Cash & Equivalents,0.0722,5554.99
A00302,Michael Thorne,Rowan Blackwell,Southeast,Mass Affluent,401(k) Rollover,Alternatives,0.0099,764.53
A00303,Michael Thorne,Rowan Blackwell,Southeast,Mass Affluent,Roth IRA,US Equity,0.5094,86452.8
A00303,Michael Thorne,Rowan Blackwell,Southeast,Mass Affluent,Roth IRA,International Equity,0.145,24604.83
A00303,Michael Thorne,Rowan Blackwell,Southeast,Mass Affluent,Roth IRA,Fixed Income,0.2625,44544.28
A00303,Michael Thorne,Rowan Blackwell,Southeast,Mass Affluent,Roth IRA,Cash & Equivalents,0.053,8990.02
A00303,Michael Thorne,Rowan Blackwell,Southeast,Mass Affluent,Roth IRA,Alternatives,0.0302,5118.24
A00304,Michael Thorne,Rowan Blackwell,Southeast,Mass Affluent,Trust,US Equity,0.4955,21774.04
A00304,Michael Thorne,Rowan Blackwell,Southeast,Mass Affluent,Trust,International Equity,0.1541,6770.58
A00304,Michael Thorne,Rowan Blackwell,Southeast,Mass Affluent,Trust,Fixed Income,0.284,12482.27
A00304,Michael Thorne,Rowan Blackwell,Southeast,Mass Affluent,Trust,Cash & Equivalents,0.0561,2466.87
A00304,Michael Thorne,Rowan Blackwell,Southeast,Mass Affluent,Trust,Alternatives,0.0103,450.86
A00305,Ryan Vasquez,Marcus Ellery,Midwest,Mass Affluent,401(k) Rollover,US Equity,0.4752,64404.89
A00305,Ryan Vasquez,Marcus Ellery,Midwest,Mass Affluent,401(k) Rollover,International Equity,0.1227,16624.23
A00305,Ryan Vasquez,Marcus Ellery,Midwest,Mass Affluent,401(k) Rollover,Fixed Income,0.2962,40135.36
A00305,Ryan Vasquez,Marcus Ellery,Midwest,Mass Affluent,401(k) Rollover,Cash & Equivalents,0.0966,13092.23
A00305,Ryan Vasquez,Marcus Ellery,Midwest,Mass Affluent,401(k) Rollover,Alternatives,0.0093,1262.46
A00306,Ryan Vasquez,Marcus Ellery,Midwest,Mass Affluent,Roth IRA,US Equity,0.4286,62408.43
A00306,Ryan Vasquez,Marcus Ellery,Midwest,Mass Affluent,Roth IRA,International Equity,0.14,20388.81
A00306,Ryan Vasquez,Marcus Ellery,Midwest,Mass Affluent,Roth IRA,Fixed Income,0.2811,40930.86
A00306,Ryan Vasquez,Marcus Ellery,Midwest,Mass Affluent,Roth IRA,Cash & Equivalents,0.1012,14728.94
A00306,Ryan Vasquez,Marcus Ellery,Midwest,Mass Affluent,Roth IRA,Alternatives,0.0491,7152.66
A00307,Elizabeth Vasquez,Marcus Ellery,Midwest,High Net Worth,Trust,US Equity,0.4717,913888.81
A00307,Elizabeth Vasquez,Marcus Ellery,Midwest,High Net Worth,Trust,International Equity,0.1468,284344.97
A00307,Elizabeth Vasquez,Marcus Ellery,Midwest,High Net Worth,Trust,Fixed Income,0.2011,389686.41
A00307,Elizabeth Vasquez,Marcus Ellery,Midwest,High Net Worth,Trust,Cash & Equivalents,0.0631,122196.98
A00307,Elizabeth Vasquez,Marcus Ellery,Midwest,High Net Worth,Trust,Alternatives,0.1173,227201.81
A00308,Elizabeth Vasquez,Marcus Ellery,Midwest,High Net Worth,Taxable Brokerage,US Equity,0.414,431543.69
A00308,Elizabeth Vasquez,Marcus Ellery,Midwest,High Net Worth,Taxable Brokerage,International Equity,0.2052,213912.23
A00308,Elizabeth Vasquez,Marcus Ellery,Midwest,High Net Worth,Taxable Brokerage,Fixed Income,0.2318,241630.56
A00308,Elizabeth Vasquez,Marcus Ellery,Midwest,High Net Worth,Taxable Brokerage,Cash & Equivalents,0.0309,32168.52
A00308,Elizabeth Vasquez,Marcus Ellery,Midwest,High Net Worth,Taxable Brokerage,Alternatives,0.1181,123105.98
A00309,Deborah Ibarra,Tomas Herrera,Northeast,Mass Affluent,Trust,US Equity,0.4357,139057.63
A00309,Deborah Ibarra,Tomas Herrera,Northeast,Mass Affluent,Trust,International Equity,0.1853,59153.99
A00309,Deborah Ibarra,Tomas Herrera,Northeast,Mass Affluent,Trust,Fixed Income,0.2926,93397.65
A00309,Deborah Ibarra,Tomas Herrera,Northeast,Mass Affluent,Trust,Cash & Equivalents,0.0772,24637.14
A00309,Deborah Ibarra,Tomas Herrera,Northeast,Mass Affluent,Trust,Alternatives,0.0092,2940.58
A00310,Paul Pemberton,Grant Sheffield,Northeast,Mass Affluent,Traditional IRA,US Equity,0.4751,589149.16
A00310,Paul Pemberton,Grant Sheffield,Northeast,Mass Affluent,Traditional IRA,International Equity,0.2016,249982.62
A00310,Paul Pemberton,Grant Sheffield,Northeast,Mass Affluent,Traditional IRA,Fixed Income,0.2273,281899.03
A00310,Paul Pemberton,Grant Sheffield,Northeast,Mass Affluent,Traditional IRA,Cash & Equivalents,0.0866,107369.73
A00310,Paul Pemberton,Grant Sheffield,Northeast,Mass Affluent,Traditional IRA,Alternatives,0.0094,11609.49
A00312,William Zabala,Warren Tsai,West,Mass Affluent,Traditional IRA,US Equity,0.4585,34642.14
A00312,William Zabala,Warren Tsai,West,Mass Affluent,Traditional IRA,International Equity,0.1699,12841.88
A00312,William Zabala,Warren Tsai,West,Mass Affluent,Traditional IRA,Fixed Income,0.2993,22616.91
A00312,William Zabala,Warren Tsai,West,Mass Affluent,Traditional IRA,Cash & Equivalents,0.063,4757.9
A00312,William Zabala,Warren Tsai,West,Mass Affluent,Traditional IRA,Alternatives,0.0093,704.09
A00313,Ronald Tavares,Grant Sheffield,Northeast,High Net Worth,401(k) Rollover,US Equity,0.4395,400531.44
A00313,Ronald Tavares,Grant Sheffield,Northeast,High Net Worth,401(k) Rollover,International Equity,0.1281,116768.23
A00313,Ronald Tavares,Grant Sheffield,Northeast,High Net Worth,401(k) Rollover,Fixed Income,0.2628,239557.8
A00313,Ronald Tavares,Grant Sheffield,Northeast,High Net Worth,401(k) Rollover,Cash & Equivalents,0.0202,18433.05
A00313,Ronald Tavares,Grant Sheffield,Northeast,High Net Worth,401(k) Rollover,Alternatives,0.1494,136124.51
A00314,Ronald Tavares,Grant Sheffield,Northeast,High Net Worth,Roth IRA,US Equity,0.3855,430988.27
A00314,Ronald Tavares,Grant Sheffield,Northeast,High Net Worth,Roth IRA,International Equity,0.1555,173879.64
A00314,Ronald Tavares,Grant Sheffield,Northeast,High Net Worth,Roth IRA,Fixed Income,0.2209,246977.17
A00314,Ronald Tavares,Grant Sheffield,Northeast,High Net Worth,Roth IRA,Cash & Equivalents,0.1291,144291.3
A00314,Ronald Tavares,Grant Sheffield,Northeast,High Net Worth,Roth IRA,Alternatives,0.109,121799.78
A00315,Ronald Tavares,Grant Sheffield,Northeast,High Net Worth,Trust,US Equity,0.3693,335731.75
A00315,Ronald Tavares,Grant Sheffield,Northeast,High Net Worth,Trust,International Equity,0.1627,147968.63
A00315,Ronald Tavares,Grant Sheffield,Northeast,High Net Worth,Trust,Fixed Income,0.2751,250116.72
A00315,Ronald Tavares,Grant Sheffield,Northeast,High Net Worth,Trust,Cash & Equivalents,0.0892,81105.45
A00315,Ronald Tavares,Grant Sheffield,Northeast,High Net Worth,Trust,Alternatives,0.1037,94281.12
A00316,William Delacroix,Tomas Herrera,Northeast,High Net Worth,Traditional IRA,US Equity,0.3955,778394.21
A00316,William Delacroix,Tomas Herrera,Northeast,High Net Worth,Traditional IRA,International Equity,0.1989,391586.77
A00316,William Delacroix,Tomas Herrera,Northeast,High Net Worth,Traditional IRA,Fixed Income,0.2437,479624.18
A00316,William Delacroix,Tomas Herrera,Northeast,High Net Worth,Traditional IRA,Cash & Equivalents,0.0097,19038.49
A00316,William Delacroix,Tomas Herrera,Northeast,High Net Worth,Traditional IRA,Alternatives,0.1523,299731.66
A00317,William Delacroix,Tomas Herrera,Northeast,High Net Worth,Roth IRA,US Equity,0.5111,1044539.82
A00317,William Delacroix,Tomas Herrera,Northeast,High Net Worth,Roth IRA,International Equity,0.1576,322187.44
A00317,William Delacroix,Tomas Herrera,Northeast,High Net Worth,Roth IRA,Fixed Income,0.229,468032.3
A00317,William Delacroix,Tomas Herrera,Northeast,High Net Worth,Roth IRA,Cash & Equivalents,0.0603,123150.25
A00317,William Delacroix,Tomas Herrera,Northeast,High Net Worth,Roth IRA,Alternatives,0.042,85943.72
A00318,Barbara Ortega,Elise Fontaine,Southeast,High Net Worth,Taxable Brokerage,US Equity,0.4517,336000.46
A00318,Barbara Ortega,Elise Fontaine,Southeast,High Net Worth,Taxable Brokerage,International Equity,0.1683,125192.21
A00318,Barbara Ortega,Elise Fontaine,Southeast,High Net Worth,Taxable Brokerage,Fixed Income,0.2392,177906.82
A00318,Barbara Ortega,Elise Fontaine,Southeast,High Net Worth,Taxable Brokerage,Cash & Equivalents,0.0109,8083.55
A00318,Barbara Ortega,Elise Fontaine,Southeast,High Net Worth,Taxable Brokerage,Alternatives,0.13,96726.44
A00319,Barbara Ortega,Elise Fontaine,Southeast,High Net Worth,401(k) Rollover,US Equity,0.3816,491200.99
A00319,Barbara Ortega,Elise Fontaine,Southeast,High Net Worth,401(k) Rollover,International Equity,0.1887,242866.07
A00319,Barbara Ortega,Elise Fontaine,Southeast,High Net Worth,401(k) Rollover,Fixed Income,0.2217,285404.03
A00319,Barbara Ortega,Elise Fontaine,Southeast,High Net Worth,401(k) Rollover,Cash & Equivalents,0.0664,85448.82
A00319,Barbara Ortega,Elise Fontaine,Southeast,High Net Worth,401(k) Rollover,Alternatives,0.1415,182142.35
A00320,Nancy Nguyen,Declan Moreau,West,High Net Worth,Traditional IRA,US Equity,0.3886,397984.66
A00320,Nancy Nguyen,Declan Moreau,West,High Net Worth,Traditional IRA,International Equity,0.1907,195327.05
A00320,Nancy Nguyen,Declan Moreau,West,High Net Worth,Traditional IRA,Fixed Income,0.2192,224527.54
A00320,Nancy Nguyen,Declan Moreau,West,High Net Worth,Traditional IRA,Cash & Equivalents,0.1128,115505.34
A00320,Nancy Nguyen,Declan Moreau,West,High Net Worth,Traditional IRA,Alternatives,0.0887,90836.54
A00321,Nancy Nguyen,Declan Moreau,West,High Net Worth,Trust,US Equity,0.3991,1661013.62
A00321,Nancy Nguyen,Declan Moreau,West,High Net Worth,Trust,International Equity,0.166,690592.66
A00321,Nancy Nguyen,Declan Moreau,West,High Net Worth,Trust,Fixed Income,0.2642,1099463.41
A00321,Nancy Nguyen,Declan Moreau,West,High Net Worth,Trust,Cash & Equivalents,0.0555,231102.29
A00321,Nancy Nguyen,Declan Moreau,West,High Net Worth,Trust,Alternatives,0.1152,479240.75
A00322,Ronald Nguyen,Tomas Herrera,Northeast,High Net Worth,Traditional IRA,US Equity,0.3956,325956.85
A00322,Ronald Nguyen,Tomas Herrera,Northeast,High Net Worth,Traditional IRA,International Equity,0.1468,120926.33
A00322,Ronald Nguyen,Tomas Herrera,Northeast,High Net Worth,Traditional IRA,Fixed Income,0.274,225752.8
A00322,Ronald Nguyen,Tomas Herrera,Northeast,High Net Worth,Traditional IRA,Cash & Equivalents,0.0719,59270.11
A00322,Ronald Nguyen,Tomas Herrera,Northeast,High Net Worth,Traditional IRA,Alternatives,0.1117,92013.26
A00323,Ronald Nguyen,Tomas Herrera,Northeast,High Net Worth,Trust,US Equity,0.3975,482078.55
A00323,Ronald Nguyen,Tomas Herrera,Northeast,High Net Worth,Trust,International Equity,0.2494,302458.34
A00323,Ronald Nguyen,Tomas Herrera,Northeast,High Net Worth,Trust,Fixed Income,0.2276,275984.94
A00323,Ronald Nguyen,Tomas Herrera,Northeast,High Net Worth,Trust,Cash & Equivalents,0.0232,28170.32
A00323,Ronald Nguyen,Tomas Herrera,Northeast,High Net Worth,Trust,Alternatives,0.1023,124111.27
A00324,Kevin Yates,Camille Okafor,West,Ultra High Net Worth,Trust,US Equity,0.3688,2875526.56
A00324,Kevin Yates,Camille Okafor,West,Ultra High Net Worth,Trust,International Equity,0.2122,1654728.89
A00324,Kevin Yates,Camille Okafor,West,Ultra High Net Worth,Trust,Fixed Income,0.1205,939443.96
A00324,Kevin Yates,Camille Okafor,West,Ultra High Net Worth,Trust,Cash & Equivalents,0.0608,474381.96
A00324,Kevin Yates,Camille Okafor,West,Ultra High Net Worth,Trust,Alternatives,0.2377,1853897.67
A00325,Kevin Yates,Camille Okafor,West,Ultra High Net Worth,Traditional IRA,US Equity,0.3366,1205128.41
A00325,Kevin Yates,Camille Okafor,West,Ultra High Net Worth,Traditional IRA,International Equity,0.2041,730497.03
A00325,Kevin Yates,Camille Okafor,West,Ultra High Net Worth,Traditional IRA,Fixed Income,0.194,694583.78
A00325,Kevin Yates,Camille Okafor,West,Ultra High Net Worth,Traditional IRA,Cash & Equivalents,0.0476,170517.92
A00325,Kevin Yates,Camille Okafor,West,Ultra High Net Worth,Traditional IRA,Alternatives,0.2176,779072.16
A00326,Ronald Lindqvist,Aisha Bello,Northeast,Mass Affluent,Traditional IRA,US Equity,0.4821,333026.67
A00326,Ronald Lindqvist,Aisha Bello,Northeast,Mass Affluent,Traditional IRA,International Equity,0.1599,110463.88
A00326,Ronald Lindqvist,Aisha Bello,Northeast,Mass Affluent,Traditional IRA,Fixed Income,0.2328,160807.71
A00326,Ronald Lindqvist,Aisha Bello,Northeast,Mass Affluent,Traditional IRA,Cash & Equivalents,0.1158,79978.75
A00326,Ronald Lindqvist,Aisha Bello,Northeast,Mass Affluent,Traditional IRA,Alternatives,0.0095,6577.13
A00327,Maria Vance,Tomas Herrera,Northeast,Mass Affluent,Traditional IRA,US Equity,0.4465,48554.13
A00327,Maria Vance,Tomas Herrera,Northeast,Mass Affluent,Traditional IRA,International Equity,0.1846,20071.75
A00327,Maria Vance,Tomas Herrera,Northeast,Mass Affluent,Traditional IRA,Fixed Income,0.2305,25069.04
A00327,Maria Vance,Tomas Herrera,Northeast,Mass Affluent,Traditional IRA,Cash & Equivalents,0.0699,7604.81
A00327,Maria Vance,Tomas Herrera,Northeast,Mass Affluent,Traditional IRA,Alternatives,0.0685,7453.29
A00328,Patricia Broussard,Tomas Herrera,Northeast,Mass Affluent,Roth IRA,US Equity,0.3972,277959.6
A00328,Patricia Broussard,Tomas Herrera,Northeast,Mass Affluent,Roth IRA,International Equity,0.167,116852.34
A00328,Patricia Broussard,Tomas Herrera,Northeast,Mass Affluent,Roth IRA,Fixed Income,0.3165,221520.04
A00328,Patricia Broussard,Tomas Herrera,Northeast,Mass Affluent,Roth IRA,Cash & Equivalents,0.0729,51001.4
A00328,Patricia Broussard,Tomas Herrera,Northeast,Mass Affluent,Roth IRA,Alternatives,0.0464,32478.61
A00329,Kenneth Marchetti,Grant Sheffield,Northeast,Mass Affluent,Trust,US Equity,0.3581,39397.05
A00329,Kenneth Marchetti,Grant Sheffield,Northeast,Mass Affluent,Trust,International Equity,0.2655,29213.36
A00329,Kenneth Marchetti,Grant Sheffield,Northeast,Mass Affluent,Trust,Fixed Income,0.2763,30400.37
A00329,Kenneth Marchetti,Grant Sheffield,Northeast,Mass Affluent,Trust,Cash & Equivalents,0.0904,9951.5
A00329,Kenneth Marchetti,Grant Sheffield,Northeast,Mass Affluent,Trust,Alternatives,0.0096,1060.12
A00331,Michelle Fontaine,Marcus Ellery,Midwest,Mass Affluent,Roth IRA,US Equity,0.4302,72193.02
A00331,Michelle Fontaine,Marcus Ellery,Midwest,Mass Affluent,Roth IRA,International Equity,0.1693,28407.32
A00331,Michelle Fontaine,Marcus Ellery,Midwest,Mass Affluent,Roth IRA,Fixed Income,0.3308,55501.92
A00331,Michelle Fontaine,Marcus Ellery,Midwest,Mass Affluent,Roth IRA,Cash & Equivalents,0.0597,10022.16
A00331,Michelle Fontaine,Marcus Ellery,Midwest,Mass Affluent,Roth IRA,Alternatives,0.01,1678.07
A00332,Joshua Vance,Tomas Herrera,Northeast,High Net Worth,401(k) Rollover,US Equity,0.457,1510424.76
A00332,Joshua Vance,Tomas Herrera,Northeast,High Net Worth,401(k) Rollover,International Equity,0.1746,576995.12
A00332,Joshua Vance,Tomas Herrera,Northeast,High Net Worth,401(k) Rollover,Fixed Income,0.1647,544345.21
A00332,Joshua Vance,Tomas Herrera,Northeast,High Net Worth,401(k) Rollover,Cash & Equivalents,0.0606,200158.88
A00332,Joshua Vance,Tomas Herrera,Northeast,High Net Worth,401(k) Rollover,Alternatives,0.1432,473347.75
A00333,Donna Fontaine,Priya Raghunathan,Midwest,Mass Affluent,Taxable Brokerage,US Equity,0.4565,152401.67
A00333,Donna Fontaine,Priya Raghunathan,Midwest,Mass Affluent,Taxable Brokerage,International Equity,0.13,43403.0
A00333,Donna Fontaine,Priya Raghunathan,Midwest,Mass Affluent,Taxable Brokerage,Fixed Income,0.2945,98333.01
A00333,Donna Fontaine,Priya Raghunathan,Midwest,Mass Affluent,Taxable Brokerage,Cash & Equivalents,0.0998,33306.74
A00333,Donna Fontaine,Priya Raghunathan,Midwest,Mass Affluent,Taxable Brokerage,Alternatives,0.0192,6404.6
A00334,Elizabeth Yates,Warren Tsai,West,High Net Worth,Trust,US Equity,0.4587,285737.83
A00334,Elizabeth Yates,Warren Tsai,West,High Net Worth,Trust,International Equity,0.1957,121933.95
A00334,Elizabeth Yates,Warren Tsai,West,High Net Worth,Trust,Fixed Income,0.2485,154801.17
A00334,Elizabeth Yates,Warren Tsai,West,High Net Worth,Trust,Cash & Equivalents,0.0102,6374.87
A00334,Elizabeth Yates,Warren Tsai,West,High Net Worth,Trust,Alternatives,0.0869,54126.32
A00335,Elizabeth Yates,Warren Tsai,West,High Net Worth,Traditional IRA,US Equity,0.4344,708202.16
A00335,Elizabeth Yates,Warren Tsai,West,High Net Worth,Traditional IRA,International Equity,0.1793,292273.68
A00335,Elizabeth Yates,Warren Tsai,West,High Net Worth,Traditional IRA,Fixed Income,0.2451,399524.7
A00335,Elizabeth Yates,Warren Tsai,West,High Net Worth,Traditional IRA,Cash & Equivalents,0.0193,31542.23
A00335,Elizabeth Yates,Warren Tsai,West,High Net Worth,Traditional IRA,Alternatives,0.1219,198777.29
A00336,Elizabeth Yates,Warren Tsai,West,High Net Worth,Taxable Brokerage,US Equity,0.4385,597144.6
A00336,Elizabeth Yates,Warren Tsai,West,High Net Worth,Taxable Brokerage,International Equity,0.2236,304439.6
A00336,Elizabeth Yates,Warren Tsai,West,High Net Worth,Taxable Brokerage,Fixed Income,0.2102,286183.24
A00336,Elizabeth Yates,Warren Tsai,West,High Net Worth,Taxable Brokerage,Cash & Equivalents,0.0284,38606.93
A00336,Elizabeth Yates,Warren Tsai,West,High Net Worth,Taxable Brokerage,Alternatives,0.0994,135331.92
A00337,Anthony Rasmussen,Priya Raghunathan,Midwest,High Net Worth,Traditional IRA,US Equity,0.4315,748656.63
A00337,Anthony Rasmussen,Priya Raghunathan,Midwest,High Net Worth,Traditional IRA,International Equity,0.1378,239144.53
A00337,Anthony Rasmussen,Priya Raghunathan,Midwest,High Net Worth,Traditional IRA,Fixed Income,0.2435,422588.38
A00337,Anthony Rasmussen,Priya Raghunathan,Midwest,High Net Worth,Traditional IRA,Cash & Equivalents,0.0665,115403.61
A00337,Anthony Rasmussen,Priya Raghunathan,Midwest,High Net Worth,Traditional IRA,Alternatives,0.1207,209402.8
A00338,Anthony Rasmussen,Priya Raghunathan,Midwest,High Net Worth,Roth IRA,US Equity,0.4029,744330.6
A00338,Anthony Rasmussen,Priya Raghunathan,Midwest,High Net Worth,Roth IRA,International Equity,0.213,393467.42
A00338,Anthony Rasmussen,Priya Raghunathan,Midwest,High Net Worth,Roth IRA,Fixed Income,0.2224,410898.02
A00338,Anthony Rasmussen,Priya Raghunathan,Midwest,High Net Worth,Roth IRA,Cash & Equivalents,0.0097,17990.34
A00338,Anthony Rasmussen,Priya Raghunathan,Midwest,High Net Worth,Roth IRA,Alternatives,0.152,280898.74
A00340,Patricia Quinlan,Warren Tsai,West,Mass Affluent,Traditional IRA,US Equity,0.4319,131795.47
A00340,Patricia Quinlan,Warren Tsai,West,Mass Affluent,Traditional IRA,International Equity,0.16,48829.78
A00340,Patricia Quinlan,Warren Tsai,West,Mass Affluent,Traditional IRA,Fixed Income,0.2937,89622.49
A00340,Patricia Quinlan,Warren Tsai,West,Mass Affluent,Traditional IRA,Cash & Equivalents,0.0959,29276.98
A00340,Patricia Quinlan,Warren Tsai,West,Mass Affluent,Traditional IRA,Alternatives,0.0184,5626.97
A00341,Rebecca Lockhart,Dana Whitfield,Midwest,Mass Affluent,Trust,US Equity,0.4625,58433.22
A00341,Rebecca Lockhart,Dana Whitfield,Midwest,Mass Affluent,Trust,International Equity,0.1641,20728.36
A00341,Rebecca Lockhart,Dana Whitfield,Midwest,Mass Affluent,Trust,Fixed Income,0.2776,35069.41
A00341,Rebecca Lockhart,Dana Whitfield,Midwest,Mass Affluent,Trust,Cash & Equivalents,0.064,8080.01
A00341,Rebecca Lockhart,Dana Whitfield,Midwest,Mass Affluent,Trust,Alternatives,0.0319,4024.78
A00342,Rebecca Lockhart,Dana Whitfield,Midwest,Mass Affluent,Roth IRA,US Equity,0.5451,59181.81
A00342,Rebecca Lockhart,Dana Whitfield,Midwest,Mass Affluent,Roth IRA,International Equity,0.0883,9583.4
A00342,Rebecca Lockhart,Dana Whitfield,Midwest,Mass Affluent,Roth IRA,Fixed Income,0.2666,28947.71
A00342,Rebecca Lockhart,Dana Whitfield,Midwest,Mass Affluent,Roth IRA,Cash & Equivalents,0.0523,5681.69
A00342,Rebecca Lockhart,Dana Whitfield,Midwest,Mass Affluent,Roth IRA,Alternatives,0.0476,5172.54
A00343,Lisa Sandoval,Warren Tsai,West,Ultra High Net Worth,401(k) Rollover,US Equity,0.3301,3283028.48
A00343,Lisa Sandoval,Warren Tsai,West,Ultra High Net Worth,401(k) Rollover,International Equity,0.1939,1928337.84
A00343,Lisa Sandoval,Warren Tsai,West,Ultra High Net Worth,401(k) Rollover,Fixed Income,0.2086,2074377.21
A00343,Lisa Sandoval,Warren Tsai,West,Ultra High Net Worth,401(k) Rollover,Cash & Equivalents,0.0558,554764.72
A00343,Lisa Sandoval,Warren Tsai,West,Ultra High Net Worth,401(k) Rollover,Alternatives,0.2117,2105553.14
A00344,Ryan Calloway,Priya Raghunathan,Midwest,Mass Affluent,401(k) Rollover,US Equity,0.4464,18604.6
A00344,Ryan Calloway,Priya Raghunathan,Midwest,Mass Affluent,401(k) Rollover,International Equity,0.2047,8531.6
A00344,Ryan Calloway,Priya Raghunathan,Midwest,Mass Affluent,401(k) Rollover,Fixed Income,0.2423,10098.19
A00344,Ryan Calloway,Priya Raghunathan,Midwest,Mass Affluent,401(k) Rollover,Cash & Equivalents,0.076,3168.66
A00344,Ryan Calloway,Priya Raghunathan,Midwest,Mass Affluent,401(k) Rollover,Alternatives,0.0307,1277.9
A00345,Ryan Calloway,Priya Raghunathan,Midwest,Mass Affluent,Roth IRA,US Equity,0.5022,141835.9
A00345,Ryan Calloway,Priya Raghunathan,Midwest,Mass Affluent,Roth IRA,International Equity,0.1247,35221.24
A00345,Ryan Calloway,Priya Raghunathan,Midwest,Mass Affluent,Roth IRA,Fixed Income,0.2577,72784.74
A00345,Ryan Calloway,Priya Raghunathan,Midwest,Mass Affluent,Roth IRA,Cash & Equivalents,0.0277,7831.32
A00345,Ryan Calloway,Priya Raghunathan,Midwest,Mass Affluent,Roth IRA,Alternatives,0.0876,24734.64
A00346,Paul Zabala,Grant Sheffield,Northeast,High Net Worth,Trust,US Equity,0.5197,1736591.12
A00346,Paul Zabala,Grant Sheffield,Northeast,High Net Worth,Trust,International Equity,0.1552,518484.79
A00346,Paul Zabala,Grant Sheffield,Northeast,High Net Worth,Trust,Fixed Income,0.2457,820957.61
A00346,Paul Zabala,Grant Sheffield,Northeast,High Net Worth,Trust,Cash & Equivalents,0.0248,82860.52
A00346,Paul Zabala,Grant Sheffield,Northeast,High Net Worth,Trust,Alternatives,0.0547,182743.06
A00347,Mark Devereaux,Warren Tsai,West,Mass Affluent,Roth IRA,US Equity,0.4565,113619.62
A00347,Mark Devereaux,Warren Tsai,West,Mass Affluent,Roth IRA,International Equity,0.0914,22742.74
A00347,Mark Devereaux,Warren Tsai,West,Mass Affluent,Roth IRA,Fixed Income,0.3009,74891.82
A00347,Mark Devereaux,Warren Tsai,West,Mass Affluent,Roth IRA,Cash & Equivalents,0.1304,32465.62
A00347,Mark Devereaux,Warren Tsai,West,Mass Affluent,Roth IRA,Alternatives,0.0208,5169.89
A00348,Lisa Lockhart,Nina Castellanos,Southeast,Mass Affluent,401(k) Rollover,US Equity,0.4988,117632.83
A00348,Lisa Lockhart,Nina Castellanos,Southeast,Mass Affluent,401(k) Rollover,International Equity,0.1268,29905.05
A00348,Lisa Lockhart,Nina Castellanos,Southeast,Mass Affluent,401(k) Rollover,Fixed Income,0.2839,66955.21
A00348,Lisa Lockhart,Nina Castellanos,Southeast,Mass Affluent,401(k) Rollover,Cash & Equivalents,0.0804,18953.47
A00348,Lisa Lockhart,Nina Castellanos,Southeast,Mass Affluent,401(k) Rollover,Alternatives,0.0101,2389.39
A00349,Lisa Lockhart,Nina Castellanos,Southeast,Mass Affluent,Traditional IRA,US Equity,0.4888,64145.54
A00349,Lisa Lockhart,Nina Castellanos,Southeast,Mass Affluent,Traditional IRA,International Equity,0.1189,15597.17
A00349,Lisa Lockhart,Nina Castellanos,Southeast,Mass Affluent,Traditional IRA,Fixed Income,0.2885,37852.87
A00349,Lisa Lockhart,Nina Castellanos,Southeast,Mass Affluent,Traditional IRA,Cash & Equivalents,0.0924,12128.83
A00349,Lisa Lockhart,Nina Castellanos,Southeast,Mass Affluent,Traditional IRA,Alternatives,0.0115,1503.01
A00350,Karen Kowalski,Grant Sheffield,Northeast,Mass Affluent,Traditional IRA,US Equity,0.4469,48056.91
A00350,Karen Kowalski,Grant Sheffield,Northeast,Mass Affluent,Traditional IRA,International Equity,0.1753,18854.13
A00350,Karen Kowalski,Grant Sheffield,Northeast,Mass Affluent,Traditional IRA,Fixed Income,0.2693,28956.15
A00350,Karen Kowalski,Grant Sheffield,Northeast,Mass Affluent,Traditional IRA,Cash & Equivalents,0.066,7096.43
A00350,Karen Kowalski,Grant Sheffield,Northeast,Mass Affluent,Traditional IRA,Alternatives,0.0426,4577.16
A00351,Karen Kowalski,Grant Sheffield,Northeast,Mass Affluent,Taxable Brokerage,US Equity,0.4316,44393.41
A00351,Karen Kowalski,Grant Sheffield,Northeast,Mass Affluent,Taxable Brokerage,International Equity,0.1925,19797.21
A00351,Karen Kowalski,Grant Sheffield,Northeast,Mass Affluent,Taxable Brokerage,Fixed Income,0.2331,23975.86
A00351,Karen Kowalski,Grant Sheffield,Northeast,Mass Affluent,Taxable Brokerage,Cash & Equivalents,0.1334,13720.51
A00351,Karen Kowalski,Grant Sheffield,Northeast,Mass Affluent,Taxable Brokerage,Alternatives,0.0093,960.7
A00352,Karen Kowalski,Grant Sheffield,Northeast,Mass Affluent,401(k) Rollover,US Equity,0.451,40456.96
A00352,Karen Kowalski,Grant Sheffield,Northeast,Mass Affluent,401(k) Rollover,International Equity,0.1439,12905.71
A00352,Karen Kowalski,Grant Sheffield,Northeast,Mass Affluent,401(k) Rollover,Fixed Income,0.3338,29939.16
A00352,Karen Kowalski,Grant Sheffield,Northeast,Mass Affluent,401(k) Rollover,Cash & Equivalents,0.0623,5587.78
A00352,Karen Kowalski,Grant Sheffield,Northeast,Mass Affluent,401(k) Rollover,Alternatives,0.009,808.5
A00354,Sharon Stroud,Nina Castellanos,Southeast,Mass Affluent,Roth IRA,US Equity,0.4527,125123.32
A00354,Sharon Stroud,Nina Castellanos,Southeast,Mass Affluent,Roth IRA,International Equity,0.11,30408.63
A00354,Sharon Stroud,Nina Castellanos,Southeast,Mass Affluent,Roth IRA,Fixed Income,0.2809,77634.16
A00354,Sharon Stroud,Nina Castellanos,Southeast,Mass Affluent,Roth IRA,Cash & Equivalents,0.0674,18630.7
A00354,Sharon Stroud,Nina Castellanos,Southeast,Mass Affluent,Roth IRA,Alternatives,0.089,24597.85
A00355,Melissa Stroud,Marcus Ellery,Midwest,Mass Affluent,Trust,US Equity,0.4587,267913.5
A00355,Melissa Stroud,Marcus Ellery,Midwest,Mass Affluent,Trust,International Equity,0.1431,83559.98
A00355,Melissa Stroud,Marcus Ellery,Midwest,Mass Affluent,Trust,Fixed Income,0.2237,130628.89
A00355,Melissa Stroud,Marcus Ellery,Midwest,Mass Affluent,Trust,Cash & Equivalents,0.1197,69926.0
A00355,Melissa Stroud,Marcus Ellery,Midwest,Mass Affluent,Trust,Alternatives,0.0548,32014.2
A00356,Anthony Nakamura,Dana Whitfield,Midwest,Mass Affluent,Roth IRA,US Equity,0.4694,143320.5
A00356,Anthony Nakamura,Dana Whitfield,Midwest,Mass Affluent,Roth IRA,International Equity,0.1878,57332.19
A00356,Anthony Nakamura,Dana Whitfield,Midwest,Mass Affluent,Roth IRA,Fixed Income,0.2908,88774.02
A00356,Anthony Nakamura,Dana Whitfield,Midwest,Mass Affluent,Roth IRA,Cash & Equivalents,0.041,12517.04
A00356,Anthony Nakamura,Dana Whitfield,Midwest,Mass Affluent,Roth IRA,Alternatives,0.011,3369.39
A00357,George Delacroix,Camille Okafor,West,Ultra High Net Worth,Roth IRA,US Equity,0.3199,828333.54
A00357,George Delacroix,Camille Okafor,West,Ultra High Net Worth,Roth IRA,International Equity,0.2193,567807.51
A00357,George Delacroix,Camille Okafor,West,Ultra High Net Worth,Roth IRA,Fixed Income,0.1529,396028.51
A00357,George Delacroix,Camille Okafor,West,Ultra High Net Worth,Roth IRA,Cash & Equivalents,0.0943,244112.44
A00357,George Delacroix,Camille Okafor,West,Ultra High Net Worth,Roth IRA,Alternatives,0.2137,553317.39
A00358,George Delacroix,Camille Okafor,West,Ultra High Net Worth,Trust,US Equity,0.3892,2551467.44
A00358,George Delacroix,Camille Okafor,West,Ultra High Net Worth,Trust,International Equity,0.2135,1399604.01
A00358,George Delacroix,Camille Okafor,West,Ultra High Net Worth,Trust,Fixed Income,0.1857,1217486.56
A00358,George Delacroix,Camille Okafor,West,Ultra High Net Worth,Trust,Cash & Equivalents,0.0443,290562.58
A00358,George Delacroix,Camille Okafor,West,Ultra High Net Worth,Trust,Alternatives,0.1673,1096416.42
A00359,George Delacroix,Camille Okafor,West,Ultra High Net Worth,401(k) Rollover,US Equity,0.3884,8963237.69
A00359,George Delacroix,Camille Okafor,West,Ultra High Net Worth,401(k) Rollover,International Equity,0.2059,4751911.4
A00359,George Delacroix,Camille Okafor,West,Ultra High Net Worth,401(k) Rollover,Fixed Income,0.1733,3999436.19
A00359,George Delacroix,Camille Okafor,West,Ultra High Net Worth,401(k) Rollover,Cash & Equivalents,0.0437,1008609.23
A00359,George Delacroix,Camille Okafor,West,Ultra High Net Worth,401(k) Rollover,Alternatives,0.1887,4354371.78
A00360,Michael Tavares,Elise Fontaine,Southeast,Mass Affluent,401(k) Rollover,US Equity,0.4323,20849.2
A00360,Michael Tavares,Elise Fontaine,Southeast,Mass Affluent,401(k) Rollover,International Equity,0.1629,7855.72
A00360,Michael Tavares,Elise Fontaine,Southeast,Mass Affluent,401(k) Rollover,Fixed Income,0.221,10659.91
A00360,Michael Tavares,Elise Fontaine,Southeast,Mass Affluent,401(k) Rollover,Cash & Equivalents,0.0971,4685.14
A00360,Michael Tavares,Elise Fontaine,Southeast,Mass Affluent,401(k) Rollover,Alternatives,0.0867,4182.38
A00361,Michael Tavares,Elise Fontaine,Southeast,Mass Affluent,Taxable Brokerage,US Equity,0.4159,33450.12
A00361,Michael Tavares,Elise Fontaine,Southeast,Mass Affluent,Taxable Brokerage,International Equity,0.1795,14438.36
A00361,Michael Tavares,Elise Fontaine,Southeast,Mass Affluent,Taxable Brokerage,Fixed Income,0.267,21476.37
A00361,Michael Tavares,Elise Fontaine,Southeast,Mass Affluent,Taxable Brokerage,Cash & Equivalents,0.0903,7259.43
A00361,Michael Tavares,Elise Fontaine,Southeast,Mass Affluent,Taxable Brokerage,Alternatives,0.0472,3798.58
A00362,Michael Tavares,Elise Fontaine,Southeast,Mass Affluent,Trust,US Equity,0.4247,36536.21
A00362,Michael Tavares,Elise Fontaine,Southeast,Mass Affluent,Trust,International Equity,0.1787,15375.68
A00362,Michael Tavares,Elise Fontaine,Southeast,Mass Affluent,Trust,Fixed Income,0.257,22105.53
A00362,Michael Tavares,Elise Fontaine,Southeast,Mass Affluent,Trust,Cash & Equivalents,0.078,6713.92
A00362,Michael Tavares,Elise Fontaine,Southeast,Mass Affluent,Trust,Alternatives,0.0615,5291.2
A00363,Nancy Fontaine,Grant Sheffield,Northeast,Mass Affluent,Traditional IRA,US Equity,0.4334,39231.16
A00363,Nancy Fontaine,Grant Sheffield,Northeast,Mass Affluent,Traditional IRA,International Equity,0.2184,19771.22
A00363,Nancy Fontaine,Grant Sheffield,Northeast,Mass Affluent,Traditional IRA,Fixed Income,0.2544,23023.99
A00363,Nancy Fontaine,Grant Sheffield,Northeast,Mass Affluent,Traditional IRA,Cash & Equivalents,0.0834,7550.09
A00363,Nancy Fontaine,Grant Sheffield,Northeast,Mass Affluent,Traditional IRA,Alternatives,0.0104,940.12
A00364,Nancy Fontaine,Grant Sheffield,Northeast,Mass Affluent,401(k) Rollover,US Equity,0.488,21055.3
A00364,Nancy Fontaine,Grant Sheffield,Northeast,Mass Affluent,401(k) Rollover,International Equity,0.1042,4494.29
A00364,Nancy Fontaine,Grant Sheffield,Northeast,Mass Affluent,401(k) Rollover,Fixed Income,0.2955,12749.56
A00364,Nancy Fontaine,Grant Sheffield,Northeast,Mass Affluent,401(k) Rollover,Cash & Equivalents,0.0765,3302.3
A00364,Nancy Fontaine,Grant Sheffield,Northeast,Mass Affluent,401(k) Rollover,Alternatives,0.0358,1543.76
A00365,Maria Wexler,Marcus Ellery,Midwest,High Net Worth,401(k) Rollover,US Equity,0.4358,232035.06
A00365,Maria Wexler,Marcus Ellery,Midwest,High Net Worth,401(k) Rollover,International Equity,0.1737,92494.09
A00365,Maria Wexler,Marcus Ellery,Midwest,High Net Worth,401(k) Rollover,Fixed Income,0.2546,135548.4
A00365,Maria Wexler,Marcus Ellery,Midwest,High Net Worth,401(k) Rollover,Cash & Equivalents,0.0694,36958.36
A00365,Maria Wexler,Marcus Ellery,Midwest,High Net Worth,401(k) Rollover,Alternatives,0.0665,35402.78
A00366,Maria Wexler,Marcus Ellery,Midwest,High Net Worth,Taxable Brokerage,US Equity,0.3957,272266.76
A00366,Maria Wexler,Marcus Ellery,Midwest,High Net Worth,Taxable Brokerage,International Equity,0.1503,103396.71
A00366,Maria Wexler,Marcus Ellery,Midwest,High Net Worth,Taxable Brokerage,Fixed Income,0.2581,177608.58
A00366,Maria Wexler,Marcus Ellery,Midwest,High Net Worth,Taxable Brokerage,Cash & Equivalents,0.0507,34862.73
A00366,Maria Wexler,Marcus Ellery,Midwest,High Net Worth,Taxable Brokerage,Alternatives,0.1453,99968.49
A00367,Maria Wexler,Marcus Ellery,Midwest,High Net Worth,Traditional IRA,US Equity,0.4085,210153.87
A00367,Maria Wexler,Marcus Ellery,Midwest,High Net Worth,Traditional IRA,International Equity,0.1661,85440.41
A00367,Maria Wexler,Marcus Ellery,Midwest,High Net Worth,Traditional IRA,Fixed Income,0.2747,141288.29
A00367,Maria Wexler,Marcus Ellery,Midwest,High Net Worth,Traditional IRA,Cash & Equivalents,0.0557,28678.66
A00367,Maria Wexler,Marcus Ellery,Midwest,High Net Worth,Traditional IRA,Alternatives,0.095,48855.59
A00368,Maria Wexler,Marcus Ellery,Midwest,High Net Worth,Trust,US Equity,0.4805,94642.2
A00368,Maria Wexler,Marcus Ellery,Midwest,High Net Worth,Trust,International Equity,0.1356,26711.49
A00368,Maria Wexler,Marcus Ellery,Midwest,High Net Worth,Trust,Fixed Income,0.2568,50588.8
A00368,Maria Wexler,Marcus Ellery,Midwest,High Net Worth,Trust,Cash & Equivalents,0.0116,2276.27
A00368,Maria Wexler,Marcus Ellery,Midwest,High Net Worth,Trust,Alternatives,0.1155,22746.47
A00369,Karen Devereaux,Elise Fontaine,Southeast,Mass Affluent,Traditional IRA,US Equity,0.388,99165.35
A00369,Karen Devereaux,Elise Fontaine,Southeast,Mass Affluent,Traditional IRA,International Equity,0.2318,59231.01
A00369,Karen Devereaux,Elise Fontaine,Southeast,Mass Affluent,Traditional IRA,Fixed Income,0.3036,77593.65
A00369,Karen Devereaux,Elise Fontaine,Southeast,Mass Affluent,Traditional IRA,Cash & Equivalents,0.0663,16942.22
A00369,Karen Devereaux,Elise Fontaine,Southeast,Mass Affluent,Traditional IRA,Alternatives,0.0104,2647.31
A00370,Ryan Lockhart,Grant Sheffield,Northeast,Mass Affluent,Taxable Brokerage,US Equity,0.5168,65859.62
A00370,Ryan Lockhart,Grant Sheffield,Northeast,Mass Affluent,Taxable Brokerage,International Equity,0.0822,10480.52
A00370,Ryan Lockhart,Grant Sheffield,Northeast,Mass Affluent,Taxable Brokerage,Fixed Income,0.2686,34230.36
A00370,Ryan Lockhart,Grant Sheffield,Northeast,Mass Affluent,Taxable Brokerage,Cash & Equivalents,0.1213,15452.41
A00370,Ryan Lockhart,Grant Sheffield,Northeast,Mass Affluent,Taxable Brokerage,Alternatives,0.0111,1416.47
A00371,Ryan Lockhart,Grant Sheffield,Northeast,Mass Affluent,Traditional IRA,US Equity,0.44,124708.93
A00371,Ryan Lockhart,Grant Sheffield,Northeast,Mass Affluent,Traditional IRA,International Equity,0.1334,37803.13
A00371,Ryan Lockhart,Grant Sheffield,Northeast,Mass Affluent,Traditional IRA,Fixed Income,0.2522,71484.41
A00371,Ryan Lockhart,Grant Sheffield,Northeast,Mass Affluent,Traditional IRA,Cash & Equivalents,0.139,39412.88
A00371,Ryan Lockhart,Grant Sheffield,Northeast,Mass Affluent,Traditional IRA,Alternatives,0.0354,10035.25
A00372,Rebecca Whitfield,Elise Fontaine,Southeast,Mass Affluent,Traditional IRA,US Equity,0.4476,79078.38
A00372,Rebecca Whitfield,Elise Fontaine,Southeast,Mass Affluent,Traditional IRA,International Equity,0.175,30906.94
A00372,Rebecca Whitfield,Elise Fontaine,Southeast,Mass Affluent,Traditional IRA,Fixed Income,0.2671,47191.31
A00372,Rebecca Whitfield,Elise Fontaine,Southeast,Mass Affluent,Traditional IRA,Cash & Equivalents,0.0753,13304.38
A00372,Rebecca Whitfield,Elise Fontaine,Southeast,Mass Affluent,Traditional IRA,Alternatives,0.035,6176.3
A00373,Laura Vance,Nina Castellanos,Southeast,Ultra High Net Worth,Roth IRA,US Equity,0.3487,4115912.51
A00373,Laura Vance,Nina Castellanos,Southeast,Ultra High Net Worth,Roth IRA,International Equity,0.2014,2377109.48
A00373,Laura Vance,Nina Castellanos,Southeast,Ultra High Net Worth,Roth IRA,Fixed Income,0.2076,2450524.32
A00373,Laura Vance,Nina Castellanos,Southeast,Ultra High Net Worth,Roth IRA,Cash & Equivalents,0.0186,219328.69
A00373,Laura Vance,Nina Castellanos,Southeast,Ultra High Net Worth,Roth IRA,Alternatives,0.2237,2640710.47
A00374,Laura Vance,Nina Castellanos,Southeast,Ultra High Net Worth,Taxable Brokerage,US Equity,0.4057,2138484.97
A00374,Laura Vance,Nina Castellanos,Southeast,Ultra High Net Worth,Taxable Brokerage,International Equity,0.1647,868357.15
A00374,Laura Vance,Nina Castellanos,Southeast,Ultra High Net Worth,Taxable Brokerage,Fixed Income,0.2259,1190742.66
A00374,Laura Vance,Nina Castellanos,Southeast,Ultra High Net Worth,Taxable Brokerage,Cash & Equivalents,0.0438,230878.25
A00374,Laura Vance,Nina Castellanos,Southeast,Ultra High Net Worth,Taxable Brokerage,Alternatives,0.1599,842792.56
A00375,Laura Vance,Nina Castellanos,Southeast,Ultra High Net Worth,Traditional IRA,US Equity,0.3519,1213872.21
A00375,Laura Vance,Nina Castellanos,Southeast,Ultra High Net Worth,Traditional IRA,International Equity,0.2243,773647.84
A00375,Laura Vance,Nina Castellanos,Southeast,Ultra High Net Worth,Traditional IRA,Fixed Income,0.1952,673252.82
A00375,Laura Vance,Nina Castellanos,Southeast,Ultra High Net Worth,Traditional IRA,Cash & Equivalents,0.044,151616.86
A00375,Laura Vance,Nina Castellanos,Southeast,Ultra High Net Worth,Traditional IRA,Alternatives,0.1847,637169.36
A00376,James Grimaldi,Rowan Blackwell,Southeast,High Net Worth,Trust,US Equity,0.4528,831499.93
A00376,James Grimaldi,Rowan Blackwell,Southeast,High Net Worth,Trust,International Equity,0.2085,382895.73
A00376,James Grimaldi,Rowan Blackwell,Southeast,High Net Worth,Trust,Fixed Income,0.2325,427001.54
A00376,James Grimaldi,Rowan Blackwell,Southeast,High Net Worth,Trust,Cash & Equivalents,0.0209,38296.48
A00376,James Grimaldi,Rowan Blackwell,Southeast,High Net Worth,Trust,Alternatives,0.0853,156724.67
A00377,Emily Fairbanks,Marcus Ellery,Midwest,High Net Worth,Taxable Brokerage,US Equity,0.4181,433122.66
A00377,Emily Fairbanks,Marcus Ellery,Midwest,High Net Worth,Taxable Brokerage,International Equity,0.2669,276495.17
A00377,Emily Fairbanks,Marcus Ellery,Midwest,High Net Worth,Taxable Brokerage,Fixed Income,0.2331,241451.17
A00377,Emily Fairbanks,Marcus Ellery,Midwest,High Net Worth,Taxable Brokerage,Cash & Equivalents,0.0107,11090.96
A00377,Emily Fairbanks,Marcus Ellery,Midwest,High Net Worth,Taxable Brokerage,Alternatives,0.0713,73884.07
A00378,Emily Fairbanks,Marcus Ellery,Midwest,High Net Worth,Traditional IRA,US Equity,0.4782,415627.79
A00378,Emily Fairbanks,Marcus Ellery,Midwest,High Net Worth,Traditional IRA,International Equity,0.1913,166218.49
A00378,Emily Fairbanks,Marcus Ellery,Midwest,High Net Worth,Traditional IRA,Fixed Income,0.2332,202642.16
A00378,Emily Fairbanks,Marcus Ellery,Midwest,High Net Worth,Traditional IRA,Cash & Equivalents,0.0208,18049.81
A00378,Emily Fairbanks,Marcus Ellery,Midwest,High Net Worth,Traditional IRA,Alternatives,0.0766,66550.41
A00379,Andrew Castellano,Priya Raghunathan,Midwest,Mass Affluent,401(k) Rollover,US Equity,0.4816,80104.58
A00379,Andrew Castellano,Priya Raghunathan,Midwest,Mass Affluent,401(k) Rollover,International Equity,0.1437,23901.5
A00379,Andrew Castellano,Priya Raghunathan,Midwest,Mass Affluent,401(k) Rollover,Fixed Income,0.269,44734.88
A00379,Andrew Castellano,Priya Raghunathan,Midwest,Mass Affluent,401(k) Rollover,Cash & Equivalents,0.0434,7211.77
A00379,Andrew Castellano,Priya Raghunathan,Midwest,Mass Affluent,401(k) Rollover,Alternatives,0.0623,10366.87
A00380,Rebecca Ferreira,Nina Castellanos,Southeast,Mass Affluent,Traditional IRA,US Equity,0.4717,32539.07
A00380,Rebecca Ferreira,Nina Castellanos,Southeast,Mass Affluent,Traditional IRA,International Equity,0.1834,12651.31
A00380,Rebecca Ferreira,Nina Castellanos,Southeast,Mass Affluent,Traditional IRA,Fixed Income,0.2155,14866.09
A00380,Rebecca Ferreira,Nina Castellanos,Southeast,Mass Affluent,Traditional IRA,Cash & Equivalents,0.0741,5110.41
A00380,Rebecca Ferreira,Nina Castellanos,Southeast,Mass Affluent,Traditional IRA,Alternatives,0.0554,3819.38
A00381,Rebecca Ferreira,Nina Castellanos,Southeast,Mass Affluent,Trust,US Equity,0.4966,25721.82
A00381,Rebecca Ferreira,Nina Castellanos,Southeast,Mass Affluent,Trust,International Equity,0.1072,5552.77
A00381,Rebecca Ferreira,Nina Castellanos,Southeast,Mass Affluent,Trust,Fixed Income,0.2833,14674.82
A00381,Rebecca Ferreira,Nina Castellanos,Southeast,Mass Affluent,Trust,Cash & Equivalents,0.1023,5300.21
A00381,Rebecca Ferreira,Nina Castellanos,Southeast,Mass Affluent,Trust,Alternatives,0.0106,547.39
A00382,Rebecca Ferreira,Nina Castellanos,Southeast,Mass Affluent,Roth IRA,US Equity,0.4729,48722.98
A00382,Rebecca Ferreira,Nina Castellanos,Southeast,Mass Affluent,Roth IRA,International Equity,0.2006,20666.81
A00382,Rebecca Ferreira,Nina Castellanos,Southeast,Mass Affluent,Roth IRA,Fixed Income,0.2771,28548.4
A00382,Rebecca Ferreira,Nina Castellanos,Southeast,Mass Affluent,Roth IRA,Cash & Equivalents,0.0174,1789.48
A00382,Rebecca Ferreira,Nina Castellanos,Southeast,Mass Affluent,Roth IRA,Alternatives,0.0321,3311.64
A00383,Rebecca Ferreira,Nina Castellanos,Southeast,Mass Affluent,401(k) Rollover,US Equity,0.5499,29168.74
A00383,Rebecca Ferreira,Nina Castellanos,Southeast,Mass Affluent,401(k) Rollover,International Equity,0.1372,7277.06
A00383,Rebecca Ferreira,Nina Castellanos,Southeast,Mass Affluent,401(k) Rollover,Fixed Income,0.2063,10943.47
A00383,Rebecca Ferreira,Nina Castellanos,Southeast,Mass Affluent,401(k) Rollover,Cash & Equivalents,0.0963,5109.52
A00383,Rebecca Ferreira,Nina Castellanos,Southeast,Mass Affluent,401(k) Rollover,Alternatives,0.0102,541.88
A00384,Emily Delacroix,Dana Whitfield,Midwest,Mass Affluent,Taxable Brokerage,US Equity,0.4704,29972.5
A00384,Emily Delacroix,Dana Whitfield,Midwest,Mass Affluent,Taxable Brokerage,International Equity,0.1962,12502.2
A00384,Emily Delacroix,Dana Whitfield,Midwest,Mass Affluent,Taxable Brokerage,Fixed Income,0.2261,14409.47
A00384,Emily Delacroix,Dana Whitfield,Midwest,Mass Affluent,Taxable Brokerage,Cash & Equivalents,0.0966,6155.94
A00384,Emily Delacroix,Dana Whitfield,Midwest,Mass Affluent,Taxable Brokerage,Alternatives,0.0106,676.53
A00385,Emily Delacroix,Dana Whitfield,Midwest,Mass Affluent,401(k) Rollover,US Equity,0.4799,31217.66
A00385,Emily Delacroix,Dana Whitfield,Midwest,Mass Affluent,401(k) Rollover,International Equity,0.1754,11408.46
A00385,Emily Delacroix,Dana Whitfield,Midwest,Mass Affluent,401(k) Rollover,Fixed Income,0.2779,18078.84
A00385,Emily Delacroix,Dana Whitfield,Midwest,Mass Affluent,401(k) Rollover,Cash & Equivalents,0.0558,3630.86
A00385,Emily Delacroix,Dana Whitfield,Midwest,Mass Affluent,401(k) Rollover,Alternatives,0.0109,708.0
A00386,Emily Delacroix,Dana Whitfield,Midwest,Mass Affluent,Trust,US Equity,0.4001,24237.08
A00386,Emily Delacroix,Dana Whitfield,Midwest,Mass Affluent,Trust,International Equity,0.1791,10849.5
A00386,Emily Delacroix,Dana Whitfield,Midwest,Mass Affluent,Trust,Fixed Income,0.2352,14250.99
A00386,Emily Delacroix,Dana Whitfield,Midwest,Mass Affluent,Trust,Cash & Equivalents,0.0963,5832.42
A00386,Emily Delacroix,Dana Whitfield,Midwest,Mass Affluent,Trust,Alternatives,0.0894,5414.39
A00387,Emily Delacroix,Dana Whitfield,Midwest,Mass Affluent,Traditional IRA,US Equity,0.4964,28426.89
A00387,Emily Delacroix,Dana Whitfield,Midwest,Mass Affluent,Traditional IRA,International Equity,0.1609,9216.82
A00387,Emily Delacroix,Dana Whitfield,Midwest,Mass Affluent,Traditional IRA,Fixed Income,0.2924,16743.91
A00387,Emily Delacroix,Dana Whitfield,Midwest,Mass Affluent,Traditional IRA,Cash & Equivalents,0.0398,2278.74
A00387,Emily Delacroix,Dana Whitfield,Midwest,Mass Affluent,Traditional IRA,Alternatives,0.0105,603.45
A00388,Lisa Emmerich,Camille Okafor,West,Mass Affluent,401(k) Rollover,US Equity,0.4392,36563.56
A00388,Lisa Emmerich,Camille Okafor,West,Mass Affluent,401(k) Rollover,International Equity,0.17,14151.42
A00388,Lisa Emmerich,Camille Okafor,West,Mass Affluent,401(k) Rollover,Fixed Income,0.2645,22024.81
A00388,Lisa Emmerich,Camille Okafor,West,Mass Affluent,401(k) Rollover,Cash & Equivalents,0.0588,4891.51
A00388,Lisa Emmerich,Camille Okafor,West,Mass Affluent,401(k) Rollover,Alternatives,0.0676,5627.78
A00389,Lisa Emmerich,Camille Okafor,West,Mass Affluent,Roth IRA,US Equity,0.4805,26174.0
A00389,Lisa Emmerich,Camille Okafor,West,Mass Affluent,Roth IRA,International Equity,0.1153,6280.26
A00389,Lisa Emmerich,Camille Okafor,West,Mass Affluent,Roth IRA,Fixed Income,0.3158,17201.38
A00389,Lisa Emmerich,Camille Okafor,West,Mass Affluent,Roth IRA,Cash & Equivalents,0.0514,2801.81
A00389,Lisa Emmerich,Camille Okafor,West,Mass Affluent,Roth IRA,Alternatives,0.037,2015.55
A00390,Cynthia Mbeki,Rowan Blackwell,Southeast,Ultra High Net Worth,Taxable Brokerage,US Equity,0.3975,1568177.32
A00390,Cynthia Mbeki,Rowan Blackwell,Southeast,Ultra High Net Worth,Taxable Brokerage,International Equity,0.1818,717291.82
A00390,Cynthia Mbeki,Rowan Blackwell,Southeast,Ultra High Net Worth,Taxable Brokerage,Fixed Income,0.164,647157.01
A00390,Cynthia Mbeki,Rowan Blackwell,Southeast,Ultra High Net Worth,Taxable Brokerage,Cash & Equivalents,0.0637,251522.25
A00390,Cynthia Mbeki,Rowan Blackwell,Southeast,Ultra High Net Worth,Taxable Brokerage,Alternatives,0.193,761345.24
A00391,Cynthia Mbeki,Rowan Blackwell,Southeast,Ultra High Net Worth,Traditional IRA,US Equity,0.4109,1860774.08
A00391,Cynthia Mbeki,Rowan Blackwell,Southeast,Ultra High Net Worth,Traditional IRA,International Equity,0.1663,752928.38
A00391,Cynthia Mbeki,Rowan Blackwell,Southeast,Ultra High Net Worth,Traditional IRA,Fixed Income,0.1958,886579.08
A00391,Cynthia Mbeki,Rowan Blackwell,Southeast,Ultra High Net Worth,Traditional IRA,Cash & Equivalents,0.0266,120680.32
A00391,Cynthia Mbeki,Rowan Blackwell,Southeast,Ultra High Net Worth,Traditional IRA,Alternatives,0.2005,907906.04
A00392,Melissa Marchetti,Dana Whitfield,Midwest,Ultra High Net Worth,Taxable Brokerage,US Equity,0.3523,5675721.29
A00392,Melissa Marchetti,Dana Whitfield,Midwest,Ultra High Net Worth,Taxable Brokerage,International Equity,0.2389,3848070.2
A00392,Melissa Marchetti,Dana Whitfield,Midwest,Ultra High Net Worth,Taxable Brokerage,Fixed Income,0.1609,2592446.24
A00392,Melissa Marchetti,Dana Whitfield,Midwest,Ultra High Net Worth,Taxable Brokerage,Cash & Equivalents,0.0399,642421.01
A00392,Melissa Marchetti,Dana Whitfield,Midwest,Ultra High Net Worth,Taxable Brokerage,Alternatives,0.208,3350222.54
A00393,David Petrov,Tomas Herrera,Northeast,Mass Affluent,Trust,US Equity,0.4056,95635.72
A00393,David Petrov,Tomas Herrera,Northeast,Mass Affluent,Trust,International Equity,0.1299,30634.36
A00393,David Petrov,Tomas Herrera,Northeast,Mass Affluent,Trust,Fixed Income,0.3152,74329.38
A00393,David Petrov,Tomas Herrera,Northeast,Mass Affluent,Trust,Cash & Equivalents,0.1017,23972.6
A00393,David Petrov,Tomas Herrera,Northeast,Mass Affluent,Trust,Alternatives,0.0476,11232.98
A00394,Edward Devereaux,Elise Fontaine,Southeast,Mass Affluent,401(k) Rollover,US Equity,0.4917,28014.56
A00394,Edward Devereaux,Elise Fontaine,Southeast,Mass Affluent,401(k) Rollover,International Equity,0.1661,9464.36
A00394,Edward Devereaux,Elise Fontaine,Southeast,Mass Affluent,401(k) Rollover,Fixed Income,0.2787,15882.29
A00394,Edward Devereaux,Elise Fontaine,Southeast,Mass Affluent,401(k) Rollover,Cash & Equivalents,0.0538,3063.99
A00394,Edward Devereaux,Elise Fontaine,Southeast,Mass Affluent,401(k) Rollover,Alternatives,0.0097,552.22
A00395,Edward Devereaux,Elise Fontaine,Southeast,Mass Affluent,Traditional IRA,US Equity,0.4044,73220.83
A00395,Edward Devereaux,Elise Fontaine,Southeast,Mass Affluent,Traditional IRA,International Equity,0.1668,30200.07
A00395,Edward Devereaux,Elise Fontaine,Southeast,Mass Affluent,Traditional IRA,Fixed Income,0.2949,53400.1
A00395,Edward Devereaux,Elise Fontaine,Southeast,Mass Affluent,Traditional IRA,Cash & Equivalents,0.1254,22698.41
A00395,Edward Devereaux,Elise Fontaine,Southeast,Mass Affluent,Traditional IRA,Alternatives,0.0085,1533.86
A00396,Joshua Mbeki,Nina Castellanos,Southeast,High Net Worth,Traditional IRA,US Equity,0.4501,182678.56
A00396,Joshua Mbeki,Nina Castellanos,Southeast,High Net Worth,Traditional IRA,International Equity,0.1727,70092.66
A00396,Joshua Mbeki,Nina Castellanos,Southeast,High Net Worth,Traditional IRA,Fixed Income,0.2073,84129.11
A00396,Joshua Mbeki,Nina Castellanos,Southeast,High Net Worth,Traditional IRA,Cash & Equivalents,0.055,22302.65
A00396,Joshua Mbeki,Nina Castellanos,Southeast,High Net Worth,Traditional IRA,Alternatives,0.1149,46646.61
A00397,Joshua Mbeki,Nina Castellanos,Southeast,High Net Worth,Trust,US Equity,0.4592,230576.81
A00397,Joshua Mbeki,Nina Castellanos,Southeast,High Net Worth,Trust,International Equity,0.2236,112256.82
A00397,Joshua Mbeki,Nina Castellanos,Southeast,High Net Worth,Trust,Fixed Income,0.1932,97016.14
A00397,Joshua Mbeki,Nina Castellanos,Southeast,High Net Worth,Trust,Cash & Equivalents,0.0366,18365.98
A00397,Joshua Mbeki,Nina Castellanos,Southeast,High Net Worth,Trust,Alternatives,0.0874,43891.67
A00398,Joshua Mbeki,Nina Castellanos,Southeast,High Net Worth,Roth IRA,US Equity,0.3856,444895.27
A00398,Joshua Mbeki,Nina Castellanos,Southeast,High Net Worth,Roth IRA,International Equity,0.1942,224026.37
A00398,Joshua Mbeki,Nina Castellanos,Southeast,High Net Worth,Roth IRA,Fixed Income,0.2664,307368.45
A00398,Joshua Mbeki,Nina Castellanos,Southeast,High Net Worth,Roth IRA,Cash & Equivalents,0.0543,62663.57
A00398,Joshua Mbeki,Nina Castellanos,Southeast,High Net Worth,Roth IRA,Alternatives,0.0994,114701.44
A00399,Joshua Mbeki,Nina Castellanos,Southeast,High Net Worth,Taxable Brokerage,US Equity,0.37,444571.97
A00399,Joshua Mbeki,Nina Castellanos,Southeast,High Net Worth,Taxable Brokerage,International Equity,0.2085,250547.53
A00399,Joshua Mbeki,Nina Castellanos,Southeast,High Net Worth,Taxable Brokerage,Fixed Income,0.2293,275578.65
A00399,Joshua Mbeki,Nina Castellanos,Southeast,High Net Worth,Taxable Brokerage,Cash & Equivalents,0.0766,91996.22
A00399,Joshua Mbeki,Nina Castellanos,Southeast,High Net Worth,Taxable Brokerage,Alternatives,0.1157,138993.56
A00400,Ryan Ashford,Elise Fontaine,Southeast,High Net Worth,Trust,US Equity,0.414,171349.27
A00400,Ryan Ashford,Elise Fontaine,Southeast,High Net Worth,Trust,International Equity,0.1525,63132.31
A00400,Ryan Ashford,Elise Fontaine,Southeast,High Net Worth,Trust,Fixed Income,0.1913,79171.48
A00400,Ryan Ashford,Elise Fontaine,Southeast,High Net Worth,Trust,Cash & Equivalents,0.0845,34976.11
A00400,Ryan Ashford,Elise Fontaine,Southeast,High Net Worth,Trust,Alternatives,0.1578,65297.93
A00401,Ryan Ashford,Elise Fontaine,Southeast,High Net Worth,Roth IRA,US Equity,0.3555,316084.53
A00401,Ryan Ashford,Elise Fontaine,Southeast,High Net Worth,Roth IRA,International Equity,0.2262,201125.31
A00401,Ryan Ashford,Elise Fontaine,Southeast,High Net Worth,Roth IRA,Fixed Income,0.2426,215683.84
A00401,Ryan Ashford,Elise Fontaine,Southeast,High Net Worth,Roth IRA,Cash & Equivalents,0.0845,75137.11
A00401,Ryan Ashford,Elise Fontaine,Southeast,High Net Worth,Roth IRA,Alternatives,0.0911,80977.9
A00402,Ryan Ashford,Elise Fontaine,Southeast,High Net Worth,Traditional IRA,US Equity,0.4846,698664.54
A00402,Ryan Ashford,Elise Fontaine,Southeast,High Net Worth,Traditional IRA,International Equity,0.1693,244012.8
A00402,Ryan Ashford,Elise Fontaine,Southeast,High Net Worth,Traditional IRA,Fixed Income,0.2357,339773.24
A00402,Ryan Ashford,Elise Fontaine,Southeast,High Net Worth,Traditional IRA,Cash & Equivalents,0.0759,109433.93
A00402,Ryan Ashford,Elise Fontaine,Southeast,High Net Worth,Traditional IRA,Alternatives,0.0346,49834.56
A00403,Matthew Novak,Grant Sheffield,Northeast,High Net Worth,401(k) Rollover,US Equity,0.4342,882832.47
A00403,Matthew Novak,Grant Sheffield,Northeast,High Net Worth,401(k) Rollover,International Equity,0.1474,299661.07
A00403,Matthew Novak,Grant Sheffield,Northeast,High Net Worth,401(k) Rollover,Fixed Income,0.2851,579626.14
A00403,Matthew Novak,Grant Sheffield,Northeast,High Net Worth,401(k) Rollover,Cash & Equivalents,0.0103,21039.89
A00403,Matthew Novak,Grant Sheffield,Northeast,High Net Worth,401(k) Rollover,Alternatives,0.1231,250244.04
A00404,Kenneth Thorne,Tomas Herrera,Northeast,Mass Affluent,Trust,US Equity,0.4293,116173.66
A00404,Kenneth Thorne,Tomas Herrera,Northeast,Mass Affluent,Trust,International Equity,0.2037,55111.44
A00404,Kenneth Thorne,Tomas Herrera,Northeast,Mass Affluent,Trust,Fixed Income,0.2843,76933.28
A00404,Kenneth Thorne,Tomas Herrera,Northeast,Mass Affluent,Trust,Cash & Equivalents,0.0717,19396.87
A00404,Kenneth Thorne,Tomas Herrera,Northeast,Mass Affluent,Trust,Alternatives,0.011,2971.09
A00405,Steven Pemberton,Aisha Bello,Northeast,High Net Worth,Taxable Brokerage,US Equity,0.3812,119469.4
A00405,Steven Pemberton,Aisha Bello,Northeast,High Net Worth,Taxable Brokerage,International Equity,0.1935,60659.61
A00405,Steven Pemberton,Aisha Bello,Northeast,High Net Worth,Taxable Brokerage,Fixed Income,0.2768,86762.84
A00405,Steven Pemberton,Aisha Bello,Northeast,High Net Worth,Taxable Brokerage,Cash & Equivalents,0.0618,19363.12
A00405,Steven Pemberton,Aisha Bello,Northeast,High Net Worth,Taxable Brokerage,Alternatives,0.0866,27151.42
A00406,Steven Pemberton,Aisha Bello,Northeast,High Net Worth,Trust,US Equity,0.4021,265808.79
A00406,Steven Pemberton,Aisha Bello,Northeast,High Net Worth,Trust,International Equity,0.1874,123846.5
A00406,Steven Pemberton,Aisha Bello,Northeast,High Net Worth,Trust,Fixed Income,0.1987,131320.34
A00406,Steven Pemberton,Aisha Bello,Northeast,High Net Worth,Trust,Cash & Equivalents,0.0584,38623.48
A00406,Steven Pemberton,Aisha Bello,Northeast,High Net Worth,Trust,Alternatives,0.1534,101371.64
A00407,Steven Pemberton,Aisha Bello,Northeast,High Net Worth,401(k) Rollover,US Equity,0.4217,429608.21
A00407,Steven Pemberton,Aisha Bello,Northeast,High Net Worth,401(k) Rollover,International Equity,0.2173,221340.39
A00407,Steven Pemberton,Aisha Bello,Northeast,High Net Worth,401(k) Rollover,Fixed Income,0.264,268986.48
A00407,Steven Pemberton,Aisha Bello,Northeast,High Net Worth,401(k) Rollover,Cash & Equivalents,0.0097,9860.8
A00407,Steven Pemberton,Aisha Bello,Northeast,High Net Worth,401(k) Rollover,Alternatives,0.0873,88933.58
A00408,Steven Pemberton,Aisha Bello,Northeast,High Net Worth,Roth IRA,US Equity,0.3758,330693.04
A00408,Steven Pemberton,Aisha Bello,Northeast,High Net Worth,Roth IRA,International Equity,0.2488,218917.31
A00408,Steven Pemberton,Aisha Bello,Northeast,High Net Worth,Roth IRA,Fixed Income,0.2334,205440.06
A00408,Steven Pemberton,Aisha Bello,Northeast,High Net Worth,Roth IRA,Cash & Equivalents,0.0654,57581.24
A00408,Steven Pemberton,Aisha Bello,Northeast,High Net Worth,Roth IRA,Alternatives,0.0766,67389.08
A00409,Timothy Vasquez,Rowan Blackwell,Southeast,High Net Worth,Roth IRA,US Equity,0.4399,645305.13
A00409,Timothy Vasquez,Rowan Blackwell,Southeast,High Net Worth,Roth IRA,International Equity,0.1728,253457.34
A00409,Timothy Vasquez,Rowan Blackwell,Southeast,High Net Worth,Roth IRA,Fixed Income,0.2667,391301.75
A00409,Timothy Vasquez,Rowan Blackwell,Southeast,High Net Worth,Roth IRA,Cash & Equivalents,0.0292,42820.55
A00409,Timothy Vasquez,Rowan Blackwell,Southeast,High Net Worth,Roth IRA,Alternatives,0.0915,134217.03
A00410,Timothy Vasquez,Rowan Blackwell,Southeast,High Net Worth,Traditional IRA,US Equity,0.4629,261362.3
A00410,Timothy Vasquez,Rowan Blackwell,Southeast,High Net Worth,Traditional IRA,International Equity,0.1634,92234.73
A00410,Timothy Vasquez,Rowan Blackwell,Southeast,High Net Worth,Traditional IRA,Fixed Income,0.1922,108501.93
A00410,Timothy Vasquez,Rowan Blackwell,Southeast,High Net Worth,Traditional IRA,Cash & Equivalents,0.0633,35712.75
A00410,Timothy Vasquez,Rowan Blackwell,Southeast,High Net Worth,Traditional IRA,Alternatives,0.1183,66806.09
A00411,Timothy Vasquez,Rowan Blackwell,Southeast,High Net Worth,Taxable Brokerage,US Equity,0.4606,444897.69
A00411,Timothy Vasquez,Rowan Blackwell,Southeast,High Net Worth,Taxable Brokerage,International Equity,0.158,152576.81
A00411,Timothy Vasquez,Rowan Blackwell,Southeast,High Net Worth,Taxable Brokerage,Fixed Income,0.2268,219085.91
A00411,Timothy Vasquez,Rowan Blackwell,Southeast,High Net Worth,Taxable Brokerage,Cash & Equivalents,0.039,37653.88
A00411,Timothy Vasquez,Rowan Blackwell,Southeast,High Net Worth,Taxable Brokerage,Alternatives,0.1156,111702.23
A00412,Joshua Vasquez,Warren Tsai,West,High Net Worth,Trust,US Equity,0.4242,452644.82
A00412,Joshua Vasquez,Warren Tsai,West,High Net Worth,Trust,International Equity,0.1856,198030.92
A00412,Joshua Vasquez,Warren Tsai,West,High Net Worth,Trust,Fixed Income,0.2109,225030.8
A00412,Joshua Vasquez,Warren Tsai,West,High Net Worth,Trust,Cash & Equivalents,0.0716,76413.86
A00412,Joshua Vasquez,Warren Tsai,West,High Net Worth,Trust,Alternatives,0.1078,114998.28
A00413,Joshua Vasquez,Warren Tsai,West,High Net Worth,Traditional IRA,US Equity,0.4994,592662.78
A00413,Joshua Vasquez,Warren Tsai,West,High Net Worth,Traditional IRA,International Equity,0.1824,216408.9
A00413,Joshua Vasquez,Warren Tsai,West,High Net Worth,Traditional IRA,Fixed Income,0.2357,279649.9
A00413,Joshua Vasquez,Warren Tsai,West,High Net Worth,Traditional IRA,Cash & Equivalents,0.048,56930.6
A00413,Joshua Vasquez,Warren Tsai,West,High Net Worth,Traditional IRA,Alternatives,0.0346,41003.83
A00414,Andrew Ferreira,Priya Raghunathan,Midwest,High Net Worth,401(k) Rollover,US Equity,0.3923,157798.0
A00414,Andrew Ferreira,Priya Raghunathan,Midwest,High Net Worth,401(k) Rollover,International Equity,0.2506,100792.9
A00414,Andrew Ferreira,Priya Raghunathan,Midwest,High Net Worth,401(k) Rollover,Fixed Income,0.2223,89432.29
A00414,Andrew Ferreira,Priya Raghunathan,Midwest,High Net Worth,401(k) Rollover,Cash & Equivalents,0.0225,9068.7
A00414,Andrew Ferreira,Priya Raghunathan,Midwest,High Net Worth,401(k) Rollover,Alternatives,0.1123,45190.91
A00415,Andrew Ferreira,Priya Raghunathan,Midwest,High Net Worth,Taxable Brokerage,US Equity,0.4549,484597.09
A00415,Andrew Ferreira,Priya Raghunathan,Midwest,High Net Worth,Taxable Brokerage,International Equity,0.1627,173326.76
A00415,Andrew Ferreira,Priya Raghunathan,Midwest,High Net Worth,Taxable Brokerage,Fixed Income,0.2825,300969.54
A00415,Andrew Ferreira,Priya Raghunathan,Midwest,High Net Worth,Taxable Brokerage,Cash & Equivalents,0.0218,23209.26
A00415,Andrew Ferreira,Priya Raghunathan,Midwest,High Net Worth,Taxable Brokerage,Alternatives,0.078,83098.43
A00416,Andrew Ferreira,Priya Raghunathan,Midwest,High Net Worth,Roth IRA,US Equity,0.4173,259970.85
A00416,Andrew Ferreira,Priya Raghunathan,Midwest,High Net Worth,Roth IRA,International Equity,0.1999,124551.1
A00416,Andrew Ferreira,Priya Raghunathan,Midwest,High Net Worth,Roth IRA,Fixed Income,0.23,143263.23
A00416,Andrew Ferreira,Priya Raghunathan,Midwest,High Net Worth,Roth IRA,Cash & Equivalents,0.0131,8190.42
A00416,Andrew Ferreira,Priya Raghunathan,Midwest,High Net Worth,Roth IRA,Alternatives,0.1396,86995.68
A00417,Andrew Ferreira,Priya Raghunathan,Midwest,High Net Worth,Traditional IRA,US Equity,0.3897,321840.04
A00417,Andrew Ferreira,Priya Raghunathan,Midwest,High Net Worth,Traditional IRA,International Equity,0.1917,158300.31
A00417,Andrew Ferreira,Priya Raghunathan,Midwest,High Net Worth,Traditional IRA,Fixed Income,0.279,230407.66
A00417,Andrew Ferreira,Priya Raghunathan,Midwest,High Net Worth,Traditional IRA,Cash & Equivalents,0.0774,63936.28
A00417,Andrew Ferreira,Priya Raghunathan,Midwest,High Net Worth,Traditional IRA,Alternatives,0.0621,51321.93
A00418,Emily Whitfield,Warren Tsai,West,High Net Worth,Traditional IRA,US Equity,0.4137,659113.52
A00418,Emily Whitfield,Warren Tsai,West,High Net Worth,Traditional IRA,International Equity,0.249,396706.29
A00418,Emily Whitfield,Warren Tsai,West,High Net Worth,Traditional IRA,Fixed Income,0.2644,421199.76
A00418,Emily Whitfield,Warren Tsai,West,High Net Worth,Traditional IRA,Cash & Equivalents,0.0099,15735.9
A00418,Emily Whitfield,Warren Tsai,West,High Net Worth,Traditional IRA,Alternatives,0.063,100379.95
A00419,Emily Whitfield,Warren Tsai,West,High Net Worth,Roth IRA,US Equity,0.4245,264151.56
A00419,Emily Whitfield,Warren Tsai,West,High Net Worth,Roth IRA,International Equity,0.1411,87795.52
A00419,Emily Whitfield,Warren Tsai,West,High Net Worth,Roth IRA,Fixed Income,0.2673,166325.92
A00419,Emily Whitfield,Warren Tsai,West,High Net Worth,Roth IRA,Cash & Equivalents,0.0771,47953.2
A00419,Emily Whitfield,Warren Tsai,West,High Net Worth,Roth IRA,Alternatives,0.0902,56104.55
A00420,Emily Whitfield,Warren Tsai,West,High Net Worth,Trust,US Equity,0.4223,748999.31
A00420,Emily Whitfield,Warren Tsai,West,High Net Worth,Trust,International Equity,0.1976,350469.02
A00420,Emily Whitfield,Warren Tsai,West,High Net Worth,Trust,Fixed Income,0.2099,372349.14
A00420,Emily Whitfield,Warren Tsai,West,High Net Worth,Trust,Cash & Equivalents,0.0758,134406.51
A00420,Emily Whitfield,Warren Tsai,West,High Net Worth,Trust,Alternatives,0.0944,167460.77
A00421,Emily Quinlan,Warren Tsai,West,Mass Affluent,401(k) Rollover,US Equity,0.4893,68866.73
A00421,Emily Quinlan,Warren Tsai,West,Mass Affluent,401(k) Rollover,International Equity,0.1507,21207.88
A00421,Emily Quinlan,Warren Tsai,West,Mass Affluent,401(k) Rollover,Fixed Income,0.337,47423.61
A00421,Emily Quinlan,Warren Tsai,West,Mass Affluent,401(k) Rollover,Cash & Equivalents,0.0115,1617.73
A00421,Emily Quinlan,Warren Tsai,West,Mass Affluent,401(k) Rollover,Alternatives,0.0115,1617.73
A00422,Emily Quinlan,Warren Tsai,West,Mass Affluent,Taxable Brokerage,US Equity,0.5549,59497.97
A00422,Emily Quinlan,Warren Tsai,West,Mass Affluent,Taxable Brokerage,International Equity,0.1075,11530.91
A00422,Emily Quinlan,Warren Tsai,West,Mass Affluent,Taxable Brokerage,Fixed Income,0.2587,27739.11
A00422,Emily Quinlan,Warren Tsai,West,Mass Affluent,Taxable Brokerage,Cash & Equivalents,0.0545,5844.83
A00422,Emily Quinlan,Warren Tsai,West,Mass Affluent,Taxable Brokerage,Alternatives,0.0244,2616.06
A00423,Emily Quinlan,Warren Tsai,West,Mass Affluent,Trust,US Equity,0.4675,37480.82
A00423,Emily Quinlan,Warren Tsai,West,Mass Affluent,Trust,International Equity,0.0969,7765.43
A00423,Emily Quinlan,Warren Tsai,West,Mass Affluent,Trust,Fixed Income,0.3177,25467.48
A00423,Emily Quinlan,Warren Tsai,West,Mass Affluent,Trust,Cash & Equivalents,0.0494,3956.4
A00423,Emily Quinlan,Warren Tsai,West,Mass Affluent,Trust,Alternatives,0.0686,5497.58
A00424,James Sandoval,Priya Raghunathan,Midwest,High Net Worth,Trust,US Equity,0.4463,481209.08
A00424,James Sandoval,Priya Raghunathan,Midwest,High Net Worth,Trust,International Equity,0.2072,223364.76
A00424,James Sandoval,Priya Raghunathan,Midwest,High Net Worth,Trust,Fixed Income,0.2257,243373.97
A00424,James Sandoval,Priya Raghunathan,Midwest,High Net Worth,Trust,Cash & Equivalents,0.0148,16009.78
A00424,James Sandoval,Priya Raghunathan,Midwest,High Net Worth,Trust,Alternatives,0.106,114260.07
A00425,James Sandoval,Priya Raghunathan,Midwest,High Net Worth,Roth IRA,US Equity,0.4062,255574.78
A00425,James Sandoval,Priya Raghunathan,Midwest,High Net Worth,Roth IRA,International Equity,0.2197,138209.41
A00425,James Sandoval,Priya Raghunathan,Midwest,High Net Worth,Roth IRA,Fixed Income,0.2337,147022.53
A00425,James Sandoval,Priya Raghunathan,Midwest,High Net Worth,Roth IRA,Cash & Equivalents,0.0773,48624.84
A00425,James Sandoval,Priya Raghunathan,Midwest,High Net Worth,Roth IRA,Alternatives,0.0632,39750.33
A00426,James Sandoval,Priya Raghunathan,Midwest,High Net Worth,Traditional IRA,US Equity,0.4215,187550.83
A00426,James Sandoval,Priya Raghunathan,Midwest,High Net Worth,Traditional IRA,International Equity,0.2109,93830.59
A00426,James Sandoval,Priya Raghunathan,Midwest,High Net Worth,Traditional IRA,Fixed Income,0.2334,103855.94
A00426,James Sandoval,Priya Raghunathan,Midwest,High Net Worth,Traditional IRA,Cash & Equivalents,0.0588,26148.33
A00426,James Sandoval,Priya Raghunathan,Midwest,High Net Worth,Traditional IRA,Alternatives,0.0756,33622.02
A00427,James Sandoval,Priya Raghunathan,Midwest,High Net Worth,401(k) Rollover,US Equity,0.401,135392.08
A00427,James Sandoval,Priya Raghunathan,Midwest,High Net Worth,401(k) Rollover,International Equity,0.1773,59862.49
A00427,James Sandoval,Priya Raghunathan,Midwest,High Net Worth,401(k) Rollover,Fixed Income,0.2617,88368.68
A00427,James Sandoval,Priya Raghunathan,Midwest,High Net Worth,401(k) Rollover,Cash & Equivalents,0.0285,9628.62
A00427,James Sandoval,Priya Raghunathan,Midwest,High Net Worth,401(k) Rollover,Alternatives,0.1315,44397.59
A00428,Patricia Dunmore,Declan Moreau,West,Mass Affluent,Taxable Brokerage,US Equity,0.4934,36846.11
A00428,Patricia Dunmore,Declan Moreau,West,Mass Affluent,Taxable Brokerage,International Equity,0.0781,5832.99
A00428,Patricia Dunmore,Declan Moreau,West,Mass Affluent,Taxable Brokerage,Fixed Income,0.3411,25472.09
A00428,Patricia Dunmore,Declan Moreau,West,Mass Affluent,Taxable Brokerage,Cash & Equivalents,0.0691,5157.61
A00428,Patricia Dunmore,Declan Moreau,West,Mass Affluent,Taxable Brokerage,Alternatives,0.0184,1371.65
A00429,Patricia Dunmore,Declan Moreau,West,Mass Affluent,Traditional IRA,US Equity,0.4363,65683.54
A00429,Patricia Dunmore,Declan Moreau,West,Mass Affluent,Traditional IRA,International Equity,0.2155,32445.48
A00429,Patricia Dunmore,Declan Moreau,West,Mass Affluent,Traditional IRA,Fixed Income,0.2448,36862.03
A00429,Patricia Dunmore,Declan Moreau,West,Mass Affluent,Traditional IRA,Cash & Equivalents,0.0573,8633.32
A00429,Patricia Dunmore,Declan Moreau,West,Mass Affluent,Traditional IRA,Alternatives,0.046,6931.1
A00430,Patricia Dunmore,Declan Moreau,West,Mass Affluent,Roth IRA,US Equity,0.3898,51516.08
A00430,Patricia Dunmore,Declan Moreau,West,Mass Affluent,Roth IRA,International Equity,0.143,18902.22
A00430,Patricia Dunmore,Declan Moreau,West,Mass Affluent,Roth IRA,Fixed Income,0.2987,39485.32
A00430,Patricia Dunmore,Declan Moreau,West,Mass Affluent,Roth IRA,Cash & Equivalents,0.0779,10297.25
A00430,Patricia Dunmore,Declan Moreau,West,Mass Affluent,Roth IRA,Alternatives,0.0906,11968.53
A00431,David Marchetti,Marcus Ellery,Midwest,High Net Worth,Taxable Brokerage,US Equity,0.4396,832729.84
A00431,David Marchetti,Marcus Ellery,Midwest,High Net Worth,Taxable Brokerage,International Equity,0.134,253817.3
A00431,David Marchetti,Marcus Ellery,Midwest,High Net Worth,Taxable Brokerage,Fixed Income,0.2483,470290.29
A00431,David Marchetti,Marcus Ellery,Midwest,High Net Worth,Taxable Brokerage,Cash & Equivalents,0.0603,114249.73
A00431,David Marchetti,Marcus Ellery,Midwest,High Net Worth,Taxable Brokerage,Alternatives,0.1178,223227.93
A00432,David Marchetti,Marcus Ellery,Midwest,High Net Worth,Roth IRA,US Equity,0.3957,689895.96
A00432,David Marchetti,Marcus Ellery,Midwest,High Net Worth,Roth IRA,International Equity,0.176,306843.03
A00432,David Marchetti,Marcus Ellery,Midwest,High Net Worth,Roth IRA,Fixed Income,0.2775,483698.37
A00432,David Marchetti,Marcus Ellery,Midwest,High Net Worth,Roth IRA,Cash & Equivalents,0.0792,138064.76
A00432,David Marchetti,Marcus Ellery,Midwest,High Net Worth,Roth IRA,Alternatives,0.0716,124831.08
A00433,Lisa Nakamura,Nina Castellanos,Southeast,High Net Worth,Taxable Brokerage,US Equity,0.4191,1041252.63
A00433,Lisa Nakamura,Nina Castellanos,Southeast,High Net Worth,Taxable Brokerage,International Equity,0.2191,544487.66
A00433,Lisa Nakamura,Nina Castellanos,Southeast,High Net Worth,Taxable Brokerage,Fixed Income,0.2748,682841.85
A00433,Lisa Nakamura,Nina Castellanos,Southeast,High Net Worth,Taxable Brokerage,Cash & Equivalents,0.0286,71039.17
A00433,Lisa Nakamura,Nina Castellanos,Southeast,High Net Worth,Taxable Brokerage,Alternatives,0.0583,144942.74
A00434,Rebecca Kowalski,Rowan Blackwell,Southeast,High Net Worth,Taxable Brokerage,US Equity,0.4338,397494.57
A00434,Rebecca Kowalski,Rowan Blackwell,Southeast,High Net Worth,Taxable Brokerage,International Equity,0.1762,161429.48
A00434,Rebecca Kowalski,Rowan Blackwell,Southeast,High Net Worth,Taxable Brokerage,Fixed Income,0.2453,224760.32
A00434,Rebecca Kowalski,Rowan Blackwell,Southeast,High Net Worth,Taxable Brokerage,Cash & Equivalents,0.057,52195.76
A00434,Rebecca Kowalski,Rowan Blackwell,Southeast,High Net Worth,Taxable Brokerage,Alternatives,0.0878,80457.14
A00435,Rebecca Kowalski,Rowan Blackwell,Southeast,High Net Worth,401(k) Rollover,US Equity,0.4529,126091.46
A00435,Rebecca Kowalski,Rowan Blackwell,Southeast,High Net Worth,401(k) Rollover,International Equity,0.2447,68114.36
A00435,Rebecca Kowalski,Rowan Blackwell,Southeast,High Net Worth,401(k) Rollover,Fixed Income,0.2336,65034.46
A00435,Rebecca Kowalski,Rowan Blackwell,Southeast,High Net Worth,401(k) Rollover,Cash & Equivalents,0.0106,2949.8
A00435,Rebecca Kowalski,Rowan Blackwell,Southeast,High Net Worth,401(k) Rollover,Alternatives,0.0583,16223.93
A00436,Robert Quinlan,Rowan Blackwell,Southeast,Mass Affluent,Traditional IRA,US Equity,0.469,49017.29
A00436,Robert Quinlan,Rowan Blackwell,Southeast,Mass Affluent,Traditional IRA,International Equity,0.123,12854.07
A00436,Robert Quinlan,Rowan Blackwell,Southeast,Mass Affluent,Traditional IRA,Fixed Income,0.2734,28574.07
A00436,Robert Quinlan,Rowan Blackwell,Southeast,Mass Affluent,Traditional IRA,Cash & Equivalents,0.0568,5935.44
A00436,Robert Quinlan,Rowan Blackwell,Southeast,Mass Affluent,Traditional IRA,Alternatives,0.0779,8138.83
A00437,Lisa Brennan,Marcus Ellery,Midwest,Mass Affluent,Taxable Brokerage,US Equity,0.427,126084.88
A00437,Lisa Brennan,Marcus Ellery,Midwest,Mass Affluent,Taxable Brokerage,International Equity,0.1511,44625.45
A00437,Lisa Brennan,Marcus Ellery,Midwest,Mass Affluent,Taxable Brokerage,Fixed Income,0.2788,82332.2
A00437,Lisa Brennan,Marcus Ellery,Midwest,Mass Affluent,Taxable Brokerage,Cash & Equivalents,0.0411,12137.8
A00437,Lisa Brennan,Marcus Ellery,Midwest,Mass Affluent,Taxable Brokerage,Alternatives,0.102,30135.0
A00438,Carol Zabala,Grant Sheffield,Northeast,High Net Worth,401(k) Rollover,US Equity,0.4267,615276.27
A00438,Carol Zabala,Grant Sheffield,Northeast,High Net Worth,401(k) Rollover,International Equity,0.1484,213980.03
A00438,Carol Zabala,Grant Sheffield,Northeast,High Net Worth,401(k) Rollover,Fixed Income,0.2618,377521.09
A00438,Carol Zabala,Grant Sheffield,Northeast,High Net Worth,401(k) Rollover,Cash & Equivalents,0.0951,137102.81
A00438,Carol Zabala,Grant Sheffield,Northeast,High Net Worth,401(k) Rollover,Alternatives,0.0679,97936.92
A00439,Carol Zabala,Grant Sheffield,Northeast,High Net Worth,Traditional IRA,US Equity,0.4312,290829.31
A00439,Carol Zabala,Grant Sheffield,Northeast,High Net Worth,Traditional IRA,International Equity,0.171,115331.68
A00439,Carol Zabala,Grant Sheffield,Northeast,High Net Worth,Traditional IRA,Fixed Income,0.2316,156186.06
A00439,Carol Zabala,Grant Sheffield,Northeast,High Net Worth,Traditional IRA,Cash & Equivalents,0.037,24954.04
A00439,Carol Zabala,Grant Sheffield,Northeast,High Net Worth,Traditional IRA,Alternatives,0.1291,87098.24
A00440,David Zabala,Rowan Blackwell,Southeast,Mass Affluent,Trust,US Equity,0.3963,155438.21
A00440,David Zabala,Rowan Blackwell,Southeast,Mass Affluent,Trust,International Equity,0.1467,57527.4
A00440,David Zabala,Rowan Blackwell,Southeast,Mass Affluent,Trust,Fixed Income,0.3018,118393.52
A00440,David Zabala,Rowan Blackwell,Southeast,Mass Affluent,Trust,Cash & Equivalents,0.0817,32046.6
A00440,David Zabala,Rowan Blackwell,Southeast,Mass Affluent,Trust,Alternatives,0.0735,28821.64
A00441,Stephanie Kirkland,Nina Castellanos,Southeast,Mass Affluent,Roth IRA,US Equity,0.5356,95621.56
A00441,Stephanie Kirkland,Nina Castellanos,Southeast,Mass Affluent,Roth IRA,International Equity,0.1984,35429.37
A00441,Stephanie Kirkland,Nina Castellanos,Southeast,Mass Affluent,Roth IRA,Fixed Income,0.2438,43527.36
A00441,Stephanie Kirkland,Nina Castellanos,Southeast,Mass Affluent,Roth IRA,Cash & Equivalents,0.0111,1976.09
A00441,Stephanie Kirkland,Nina Castellanos,Southeast,Mass Affluent,Roth IRA,Alternatives,0.0111,1976.09
A00442,Karen Delacroix,Rowan Blackwell,Southeast,Mass Affluent,401(k) Rollover,US Equity,0.4344,23265.08
A00442,Karen Delacroix,Rowan Blackwell,Southeast,Mass Affluent,401(k) Rollover,International Equity,0.1735,9292.28
A00442,Karen Delacroix,Rowan Blackwell,Southeast,Mass Affluent,401(k) Rollover,Fixed Income,0.2633,14099.36
A00442,Karen Delacroix,Rowan Blackwell,Southeast,Mass Affluent,401(k) Rollover,Cash & Equivalents,0.1197,6411.18
A00442,Karen Delacroix,Rowan Blackwell,Southeast,Mass Affluent,401(k) Rollover,Alternatives,0.0091,485.14
A00443,Karen Delacroix,Rowan Blackwell,Southeast,Mass Affluent,Trust,US Equity,0.47,37354.99
A00443,Karen Delacroix,Rowan Blackwell,Southeast,Mass Affluent,Trust,International Equity,0.1658,13176.96
A00443,Karen Delacroix,Rowan Blackwell,Southeast,Mass Affluent,Trust,Fixed Income,0.2652,21081.67
A00443,Karen Delacroix,Rowan Blackwell,Southeast,Mass Affluent,Trust,Cash & Equivalents,0.0831,6606.95
A00443,Karen Delacroix,Rowan Blackwell,Southeast,Mass Affluent,Trust,Alternatives,0.0159,1264.1
A00444,Jeffrey Sandoval,Priya Raghunathan,Midwest,Ultra High Net Worth,Trust,US Equity,0.3855,2309809.34
A00444,Jeffrey Sandoval,Priya Raghunathan,Midwest,Ultra High Net Worth,Trust,International Equity,0.2551,1528812.7
A00444,Jeffrey Sandoval,Priya Raghunathan,Midwest,Ultra High Net Worth,Trust,Fixed Income,0.1594,954878.74
A00444,Jeffrey Sandoval,Priya Raghunathan,Midwest,Ultra High Net Worth,Trust,Cash & Equivalents,0.011,66070.15
A00444,Jeffrey Sandoval,Priya Raghunathan,Midwest,Ultra High Net Worth,Trust,Alternatives,0.189,1132585.92
A00445,Jeffrey Sandoval,Priya Raghunathan,Midwest,Ultra High Net Worth,Roth IRA,US Equity,0.3103,2681726.19
A00445,Jeffrey Sandoval,Priya Raghunathan,Midwest,Ultra High Net Worth,Roth IRA,International Equity,0.2229,1927027.67
A00445,Jeffrey Sandoval,Priya Raghunathan,Midwest,Ultra High Net Worth,Roth IRA,Fixed Income,0.2308,1995019.58
A00445,Jeffrey Sandoval,Priya Raghunathan,Midwest,Ultra High Net Worth,Roth IRA,Cash & Equivalents,0.0096,82867.39
A00445,Jeffrey Sandoval,Priya Raghunathan,Midwest,Ultra High Net Worth,Roth IRA,Alternatives,0.2264,1956939.16
A00446,Ronald Grimaldi,Declan Moreau,West,Ultra High Net Worth,Trust,US Equity,0.3872,4367561.48
A00446,Ronald Grimaldi,Declan Moreau,West,Ultra High Net Worth,Trust,International Equity,0.2195,2476315.56
A00446,Ronald Grimaldi,Declan Moreau,West,Ultra High Net Worth,Trust,Fixed Income,0.189,2131427.26
A00446,Ronald Grimaldi,Declan Moreau,West,Ultra High Net Worth,Trust,Cash & Equivalents,0.0134,151472.45
A00446,Ronald Grimaldi,Declan Moreau,West,Ultra High Net Worth,Trust,Alternatives,0.1909,2152879.21
A00447,Ronald Grimaldi,Declan Moreau,West,Ultra High Net Worth,Taxable Brokerage,US Equity,0.369,2177620.04
A00447,Ronald Grimaldi,Declan Moreau,West,Ultra High Net Worth,Taxable Brokerage,International Equity,0.185,1091371.45
A00447,Ronald Grimaldi,Declan Moreau,West,Ultra High Net Worth,Taxable Brokerage,Fixed Income,0.1934,1141134.95
A00447,Ronald Grimaldi,Declan Moreau,West,Ultra High Net Worth,Taxable Brokerage,Cash & Equivalents,0.0503,296993.32
A00447,Ronald Grimaldi,Declan Moreau,West,Ultra High Net Worth,Taxable Brokerage,Alternatives,0.2023,1193631.08
A00448,Sandra Galloway,Camille Okafor,West,Mass Affluent,Taxable Brokerage,US Equity,0.4555,179760.11
A00448,Sandra Galloway,Camille Okafor,West,Mass Affluent,Taxable Brokerage,International Equity,0.166,65498.99
A00448,Sandra Galloway,Camille Okafor,West,Mass Affluent,Taxable Brokerage,Fixed Income,0.2776,109540.67
A00448,Sandra Galloway,Camille Okafor,West,Mass Affluent,Taxable Brokerage,Cash & Equivalents,0.09,35520.84
A00448,Sandra Galloway,Camille Okafor,West,Mass Affluent,Taxable Brokerage,Alternatives,0.0109,4292.04
A00449,Matthew Petrov,Declan Moreau,West,Mass Affluent,Taxable Brokerage,US Equity,0.4784,215625.86
A00449,Matthew Petrov,Declan Moreau,West,Mass Affluent,Taxable Brokerage,International Equity,0.2025,91272.63
A00449,Matthew Petrov,Declan Moreau,West,Mass Affluent,Taxable Brokerage,Fixed Income,0.2522,113657.61
A00449,Matthew Petrov,Declan Moreau,West,Mass Affluent,Taxable Brokerage,Cash & Equivalents,0.0463,20872.34
A00449,Matthew Petrov,Declan Moreau,West,Mass Affluent,Taxable Brokerage,Alternatives,0.0207,9308.6
A00450,Sandra Ashford,Warren Tsai,West,Ultra High Net Worth,Traditional IRA,US Equity,0.4212,2821130.89
A00450,Sandra Ashford,Warren Tsai,West,Ultra High Net Worth,Traditional IRA,International Equity,0.2045,1369736.48
A00450,Sandra Ashford,Warren Tsai,West,Ultra High Net Worth,Traditional IRA,Fixed Income,0.1812,1213821.2
A00450,Sandra Ashford,Warren Tsai,West,Ultra High Net Worth,Traditional IRA,Cash & Equivalents,0.0254,169998.69
A00450,Sandra Ashford,Warren Tsai,West,Ultra High Net Worth,Traditional IRA,Alternatives,0.1676,1122821.95
A00451,Sandra Ashford,Warren Tsai,West,Ultra High Net Worth,Roth IRA,US Equity,0.3484,1410539.05
A00451,Sandra Ashford,Warren Tsai,West,Ultra High Net Worth,Roth IRA,International Equity,0.2422,980554.34
A00451,Sandra Ashford,Warren Tsai,West,Ultra High Net Worth,Roth IRA,Fixed Income,0.1672,676847.7
A00451,Sandra Ashford,Warren Tsai,West,Ultra High Net Worth,Roth IRA,Cash & Equivalents,0.0932,377313.9
A00451,Sandra Ashford,Warren Tsai,West,Ultra High Net Worth,Roth IRA,Alternatives,0.149,603001.92
A00452,Sandra Ashford,Warren Tsai,West,Ultra High Net Worth,Taxable Brokerage,US Equity,0.3915,7254481.56
A00452,Sandra Ashford,Warren Tsai,West,Ultra High Net Worth,Taxable Brokerage,International Equity,0.2027,3755661.76
A00452,Sandra Ashford,Warren Tsai,West,Ultra High Net Worth,Taxable Brokerage,Fixed Income,0.2529,4687387.78
A00452,Sandra Ashford,Warren Tsai,West,Ultra High Net Worth,Taxable Brokerage,Cash & Equivalents,0.0109,201845.58
A00452,Sandra Ashford,Warren Tsai,West,Ultra High Net Worth,Taxable Brokerage,Alternatives,0.142,2632332.89
A00453,Jeffrey Wexler,Nina Castellanos,Southeast,Mass Affluent,401(k) Rollover,US Equity,0.4691,34548.92
A00453,Jeffrey Wexler,Nina Castellanos,Southeast,Mass Affluent,401(k) Rollover,International Equity,0.1348,9930.92
A00453,Jeffrey Wexler,Nina Castellanos,Southeast,Mass Affluent,401(k) Rollover,Fixed Income,0.2974,21902.69
A00453,Jeffrey Wexler,Nina Castellanos,Southeast,Mass Affluent,401(k) Rollover,Cash & Equivalents,0.0887,6531.16
A00453,Jeffrey Wexler,Nina Castellanos,Southeast,Mass Affluent,401(k) Rollover,Alternatives,0.0101,743.33
A00454,Jeffrey Wexler,Nina Castellanos,Southeast,Mass Affluent,Roth IRA,US Equity,0.4499,144666.68
A00454,Jeffrey Wexler,Nina Castellanos,Southeast,Mass Affluent,Roth IRA,International Equity,0.1581,50838.41
A00454,Jeffrey Wexler,Nina Castellanos,Southeast,Mass Affluent,Roth IRA,Fixed Income,0.2732,87845.45
A00454,Jeffrey Wexler,Nina Castellanos,Southeast,Mass Affluent,Roth IRA,Cash & Equivalents,0.0572,18406.65
A00454,Jeffrey Wexler,Nina Castellanos,Southeast,Mass Affluent,Roth IRA,Alternatives,0.0617,19830.71
A00455,David Castellano,Priya Raghunathan,Midwest,High Net Worth,Roth IRA,US Equity,0.4243,325471.43
A00455,David Castellano,Priya Raghunathan,Midwest,High Net Worth,Roth IRA,International Equity,0.2447,187730.18
A00455,David Castellano,Priya Raghunathan,Midwest,High Net Worth,Roth IRA,Fixed Income,0.2258,173183.11
A00455,David Castellano,Priya Raghunathan,Midwest,High Net Worth,Roth IRA,Cash & Equivalents,0.0394,30190.64
A00455,David Castellano,Priya Raghunathan,Midwest,High Net Worth,Roth IRA,Alternatives,0.0658,50460.39
A00456,David Castellano,Priya Raghunathan,Midwest,High Net Worth,401(k) Rollover,US Equity,0.5437,722207.35
A00456,David Castellano,Priya Raghunathan,Midwest,High Net Worth,401(k) Rollover,International Equity,0.1483,197055.36
A00456,David Castellano,Priya Raghunathan,Midwest,High Net Worth,401(k) Rollover,Fixed Income,0.1933,256750.34
A00456,David Castellano,Priya Raghunathan,Midwest,High Net Worth,401(k) Rollover,Cash & Equivalents,0.029,38523.1
A00456,David Castellano,Priya Raghunathan,Midwest,High Net Worth,401(k) Rollover,Alternatives,0.0857,113840.45
A00457,Jennifer Petrov,Rowan Blackwell,Southeast,Mass Affluent,Traditional IRA,US Equity,0.4436,82115.04
A00457,Jennifer Petrov,Rowan Blackwell,Southeast,Mass Affluent,Traditional IRA,International Equity,0.129,23877.14
A00457,Jennifer Petrov,Rowan Blackwell,Southeast,Mass Affluent,Traditional IRA,Fixed Income,0.2535,46914.19
A00457,Jennifer Petrov,Rowan Blackwell,Southeast,Mass Affluent,Traditional IRA,Cash & Equivalents,0.0871,16114.4
A00457,Jennifer Petrov,Rowan Blackwell,Southeast,Mass Affluent,Traditional IRA,Alternatives,0.0868,16069.13
A00458,David Thorne,Marcus Ellery,Midwest,Mass Affluent,Traditional IRA,US Equity,0.475,36859.49
A00458,David Thorne,Marcus Ellery,Midwest,Mass Affluent,Traditional IRA,International Equity,0.1821,14127.09
A00458,David Thorne,Marcus Ellery,Midwest,Mass Affluent,Traditional IRA,Fixed Income,0.2569,19932.52
A00458,David Thorne,Marcus Ellery,Midwest,Mass Affluent,Traditional IRA,Cash & Equivalents,0.0764,5930.7
A00458,David Thorne,Marcus Ellery,Midwest,Mass Affluent,Traditional IRA,Alternatives,0.0096,748.5
A00459,David Thorne,Marcus Ellery,Midwest,Mass Affluent,Roth IRA,US Equity,0.4014,50579.74
A00459,David Thorne,Marcus Ellery,Midwest,Mass Affluent,Roth IRA,International Equity,0.1783,22462.19
A00459,David Thorne,Marcus Ellery,Midwest,Mass Affluent,Roth IRA,Fixed Income,0.2468,31098.32
A00459,David Thorne,Marcus Ellery,Midwest,Mass Affluent,Roth IRA,Cash & Equivalents,0.0904,11390.86
A00459,David Thorne,Marcus Ellery,Midwest,Mass Affluent,Roth IRA,Alternatives,0.0832,10482.39
A00460,David Thorne,Marcus Ellery,Midwest,Mass Affluent,Trust,US Equity,0.4485,37265.59
A00460,David Thorne,Marcus Ellery,Midwest,Mass Affluent,Trust,International Equity,0.1165,9677.83
A00460,David Thorne,Marcus Ellery,Midwest,Mass Affluent,Trust,Fixed Income,0.2852,23698.38
A00460,David Thorne,Marcus Ellery,Midwest,Mass Affluent,Trust,Cash & Equivalents,0.0485,4025.68
A00460,David Thorne,Marcus Ellery,Midwest,Mass Affluent,Trust,Alternatives,0.1013,8417.96
A00461,Andrew Hargrove,Nina Castellanos,Southeast,Mass Affluent,401(k) Rollover,US Equity,0.5477,54717.69
A00461,Andrew Hargrove,Nina Castellanos,Southeast,Mass Affluent,401(k) Rollover,International Equity,0.1489,14871.89
A00461,Andrew Hargrove,Nina Castellanos,Southeast,Mass Affluent,401(k) Rollover,Fixed Income,0.271,27067.16
A00461,Andrew Hargrove,Nina Castellanos,Southeast,Mass Affluent,401(k) Rollover,Cash & Equivalents,0.0214,2139.79
A00461,Andrew Hargrove,Nina Castellanos,Southeast,Mass Affluent,401(k) Rollover,Alternatives,0.011,1100.02
A00462,Andrew Hargrove,Nina Castellanos,Southeast,Mass Affluent,Traditional IRA,US Equity,0.4405,47448.73
A00462,Andrew Hargrove,Nina Castellanos,Southeast,Mass Affluent,Traditional IRA,International Equity,0.1586,17088.43
A00462,Andrew Hargrove,Nina Castellanos,Southeast,Mass Affluent,Traditional IRA,Fixed Income,0.2614,28152.74
A00462,Andrew Hargrove,Nina Castellanos,Southeast,Mass Affluent,Traditional IRA,Cash & Equivalents,0.1178,12690.51
A00462,Andrew Hargrove,Nina Castellanos,Southeast,Mass Affluent,Traditional IRA,Alternatives,0.0217,2338.17
A00463,Andrew Hargrove,Nina Castellanos,Southeast,Mass Affluent,Roth IRA,US Equity,0.4855,47590.33
A00463,Andrew Hargrove,Nina Castellanos,Southeast,Mass Affluent,Roth IRA,International Equity,0.1543,15122.19
A00463,Andrew Hargrove,Nina Castellanos,Southeast,Mass Affluent,Roth IRA,Fixed Income,0.2812,27562.81
A00463,Andrew Hargrove,Nina Castellanos,Southeast,Mass Affluent,Roth IRA,Cash & Equivalents,0.0691,6774.67
A00463,Andrew Hargrove,Nina Castellanos,Southeast,Mass Affluent,Roth IRA,Alternatives,0.0099,974.48
A00464,William Yates,Priya Raghunathan,Midwest,Mass Affluent,Taxable Brokerage,US Equity,0.4425,65283.16
A00464,William Yates,Priya Raghunathan,Midwest,Mass Affluent,Taxable Brokerage,International Equity,0.1698,25056.7
A00464,William Yates,Priya Raghunathan,Midwest,Mass Affluent,Taxable Brokerage,Fixed Income,0.2912,42964.15
A00464,William Yates,Priya Raghunathan,Midwest,Mass Affluent,Taxable Brokerage,Cash & Equivalents,0.0849,12522.06
A00464,William Yates,Priya Raghunathan,Midwest,Mass Affluent,Taxable Brokerage,Alternatives,0.0117,1720.42
A00465,William Yates,Priya Raghunathan,Midwest,Mass Affluent,Trust,US Equity,0.4505,41538.35
A00465,William Yates,Priya Raghunathan,Midwest,Mass Affluent,Trust,International Equity,0.1337,12324.07
A00465,William Yates,Priya Raghunathan,Midwest,Mass Affluent,Trust,Fixed Income,0.3385,31208.01
A00465,William Yates,Priya Raghunathan,Midwest,Mass Affluent,Trust,Cash & Equivalents,0.0329,3034.22
A00465,William Yates,Priya Raghunathan,Midwest,Mass Affluent,Trust,Alternatives,0.0444,4093.95
A00466,William Yates,Priya Raghunathan,Midwest,Mass Affluent,Traditional IRA,US Equity,0.5394,54712.24
A00466,William Yates,Priya Raghunathan,Midwest,Mass Affluent,Traditional IRA,International Equity,0.1359,13780.07
A00466,William Yates,Priya Raghunathan,Midwest,Mass Affluent,Traditional IRA,Fixed Income,0.2463,24976.0
A00466,William Yates,Priya Raghunathan,Midwest,Mass Affluent,Traditional IRA,Cash & Equivalents,0.0677,6868.57
A00466,William Yates,Priya Raghunathan,Midwest,Mass Affluent,Traditional IRA,Alternatives,0.0107,1086.89
A00467,Kenneth Cavanaugh,Warren Tsai,West,Ultra High Net Worth,401(k) Rollover,US Equity,0.3909,5500758.63
A00467,Kenneth Cavanaugh,Warren Tsai,West,Ultra High Net Worth,401(k) Rollover,International Equity,0.1595,2244305.25
A00467,Kenneth Cavanaugh,Warren Tsai,West,Ultra High Net Worth,401(k) Rollover,Fixed Income,0.2216,3118989.54
A00467,Kenneth Cavanaugh,Warren Tsai,West,Ultra High Net Worth,401(k) Rollover,Cash & Equivalents,0.0885,1245924.92
A00467,Kenneth Cavanaugh,Warren Tsai,West,Ultra High Net Worth,401(k) Rollover,Alternatives,0.1394,1962277.07
A00468,Jeffrey Hollis,Grant Sheffield,Northeast,High Net Worth,Taxable Brokerage,US Equity,0.4209,1180561.2
A00468,Jeffrey Hollis,Grant Sheffield,Northeast,High Net Worth,Taxable Brokerage,International Equity,0.1781,499448.57
A00468,Jeffrey Hollis,Grant Sheffield,Northeast,High Net Worth,Taxable Brokerage,Fixed Income,0.2528,709139.05
A00468,Jeffrey Hollis,Grant Sheffield,Northeast,High Net Worth,Taxable Brokerage,Cash & Equivalents,0.0292,82004.08
A00468,Jeffrey Hollis,Grant Sheffield,Northeast,High Net Worth,Taxable Brokerage,Alternatives,0.1189,333455.11
A00469,Timothy Underhill,Aisha Bello,Northeast,Mass Affluent,Traditional IRA,US Equity,0.4781,34041.0
A00469,Timothy Underhill,Aisha Bello,Northeast,Mass Affluent,Traditional IRA,International Equity,0.1762,12547.77
A00469,Timothy Underhill,Aisha Bello,Northeast,Mass Affluent,Traditional IRA,Fixed Income,0.2714,19322.07
A00469,Timothy Underhill,Aisha Bello,Northeast,Mass Affluent,Traditional IRA,Cash & Equivalents,0.0651,4634.46
A00469,Timothy Underhill,Aisha Bello,Northeast,Mass Affluent,Traditional IRA,Alternatives,0.0093,658.93
A00470,Timothy Underhill,Aisha Bello,Northeast,Mass Affluent,401(k) Rollover,US Equity,0.4603,29101.14
A00470,Timothy Underhill,Aisha Bello,Northeast,Mass Affluent,401(k) Rollover,International Equity,0.1881,11888.99
A00470,Timothy Underhill,Aisha Bello,Northeast,Mass Affluent,401(k) Rollover,Fixed Income,0.2474,15641.14
A00470,Timothy Underhill,Aisha Bello,Northeast,Mass Affluent,401(k) Rollover,Cash & Equivalents,0.0945,5976.6
A00470,Timothy Underhill,Aisha Bello,Northeast,Mass Affluent,401(k) Rollover,Alternatives,0.0096,609.57
A00471,Timothy Underhill,Aisha Bello,Northeast,Mass Affluent,Taxable Brokerage,US Equity,0.4747,67447.14
A00471,Timothy Underhill,Aisha Bello,Northeast,Mass Affluent,Taxable Brokerage,International Equity,0.1317,18704.52
A00471,Timothy Underhill,Aisha Bello,Northeast,Mass Affluent,Taxable Brokerage,Fixed Income,0.2788,39604.95
A00471,Timothy Underhill,Aisha Bello,Northeast,Mass Affluent,Taxable Brokerage,Cash & Equivalents,0.1051,14927.53
A00471,Timothy Underhill,Aisha Bello,Northeast,Mass Affluent,Taxable Brokerage,Alternatives,0.0098,1392.6
A00472,Charles Cavanaugh,Rowan Blackwell,Southeast,Mass Affluent,Taxable Brokerage,US Equity,0.4379,104313.75
A00472,Charles Cavanaugh,Rowan Blackwell,Southeast,Mass Affluent,Taxable Brokerage,International Equity,0.1695,40373.42
A00472,Charles Cavanaugh,Rowan Blackwell,Southeast,Mass Affluent,Taxable Brokerage,Fixed Income,0.2651,63157.4
A00472,Charles Cavanaugh,Rowan Blackwell,Southeast,Mass Affluent,Taxable Brokerage,Cash & Equivalents,0.0519,12361.13
A00472,Charles Cavanaugh,Rowan Blackwell,Southeast,Mass Affluent,Taxable Brokerage,Alternatives,0.0756,17998.28
A00473,Amanda Grimaldi,Grant Sheffield,Northeast,Mass Affluent,Trust,US Equity,0.4264,123718.59
A00473,Amanda Grimaldi,Grant Sheffield,Northeast,Mass Affluent,Trust,International Equity,0.2016,58486.76
A00473,Amanda Grimaldi,Grant Sheffield,Northeast,Mass Affluent,Trust,Fixed Income,0.2675,77614.92
A00473,Amanda Grimaldi,Grant Sheffield,Northeast,Mass Affluent,Trust,Cash & Equivalents,0.0954,27687.1
A00473,Amanda Grimaldi,Grant Sheffield,Northeast,Mass Affluent,Trust,Alternatives,0.009,2612.44
A00474,David Vance,Aisha Bello,Northeast,High Net Worth,Trust,US Equity,0.4563,519413.18
A00474,David Vance,Aisha Bello,Northeast,High Net Worth,Trust,International Equity,0.1853,210897.49
A00474,David Vance,Aisha Bello,Northeast,High Net Worth,Trust,Fixed Income,0.2298,261561.39
A00474,David Vance,Aisha Bello,Northeast,High Net Worth,Trust,Cash & Equivalents,0.0581,66179.31
A00474,David Vance,Aisha Bello,Northeast,High Net Worth,Trust,Alternatives,0.0705,80308.91
A00475,David Vance,Aisha Bello,Northeast,High Net Worth,Taxable Brokerage,US Equity,0.4734,493757.86
A00475,David Vance,Aisha Bello,Northeast,High Net Worth,Taxable Brokerage,International Equity,0.1527,159295.77
A00475,David Vance,Aisha Bello,Northeast,High Net Worth,Taxable Brokerage,Fixed Income,0.294,306635.62
A00475,David Vance,Aisha Bello,Northeast,High Net Worth,Taxable Brokerage,Cash & Equivalents,0.0321,33513.37
A00475,David Vance,Aisha Bello,Northeast,High Net Worth,Taxable Brokerage,Alternatives,0.0477,49701.9
A00476,David Vance,Aisha Bello,Northeast,High Net Worth,401(k) Rollover,US Equity,0.43,413909.3
A00476,David Vance,Aisha Bello,Northeast,High Net Worth,401(k) Rollover,International Equity,0.181,174263.1
A00476,David Vance,Aisha Bello,Northeast,High Net Worth,401(k) Rollover,Fixed Income,0.185,178118.56
A00476,David Vance,Aisha Bello,Northeast,High Net Worth,401(k) Rollover,Cash & Equivalents,0.1138,109550.76
A00476,David Vance,Aisha Bello,Northeast,High Net Worth,401(k) Rollover,Alternatives,0.0902,86836.41
A00477,Lisa Rasmussen,Warren Tsai,West,Mass Affluent,Roth IRA,US Equity,0.4227,15521.53
A00477,Lisa Rasmussen,Warren Tsai,West,Mass Affluent,Roth IRA,International Equity,0.1683,6179.11
A00477,Lisa Rasmussen,Warren Tsai,West,Mass Affluent,Roth IRA,Fixed Income,0.2504,9194.13
A00477,Lisa Rasmussen,Warren Tsai,West,Mass Affluent,Roth IRA,Cash & Equivalents,0.0848,3113.28
A00477,Lisa Rasmussen,Warren Tsai,West,Mass Affluent,Roth IRA,Alternatives,0.0738,2709.94
A00478,Lisa Rasmussen,Warren Tsai,West,Mass Affluent,401(k) Rollover,US Equity,0.4768,43811.18
A00478,Lisa Rasmussen,Warren Tsai,West,Mass Affluent,401(k) Rollover,International Equity,0.1555,14290.9
A00478,Lisa Rasmussen,Warren Tsai,West,Mass Affluent,401(k) Rollover,Fixed Income,0.2787,25609.06
A00478,Lisa Rasmussen,Warren Tsai,West,Mass Affluent,401(k) Rollover,Cash & Equivalents,0.0487,4475.05
A00478,Lisa Rasmussen,Warren Tsai,West,Mass Affluent,401(k) Rollover,Alternatives,0.0402,3698.13
A00479,Lisa Rasmussen,Warren Tsai,West,Mass Affluent,Traditional IRA,US Equity,0.4901,35776.81
A00479,Lisa Rasmussen,Warren Tsai,West,Mass Affluent,Traditional IRA,International Equity,0.1449,10575.96
A00479,Lisa Rasmussen,Warren Tsai,West,Mass Affluent,Traditional IRA,Fixed Income,0.2668,19478.04
A00479,Lisa Rasmussen,Warren Tsai,West,Mass Affluent,Traditional IRA,Cash & Equivalents,0.0713,5206.75
A00479,Lisa Rasmussen,Warren Tsai,West,Mass Affluent,Traditional IRA,Alternatives,0.0269,1963.96
A00480,Lisa Rasmussen,Warren Tsai,West,Mass Affluent,Trust,US Equity,0.4763,49841.0
A00480,Lisa Rasmussen,Warren Tsai,West,Mass Affluent,Trust,International Equity,0.1708,17869.01
A00480,Lisa Rasmussen,Warren Tsai,West,Mass Affluent,Trust,Fixed Income,0.2628,27498.94
A00480,Lisa Rasmussen,Warren Tsai,West,Mass Affluent,Trust,Cash & Equivalents,0.0801,8383.07
A00480,Lisa Rasmussen,Warren Tsai,West,Mass Affluent,Trust,Alternatives,0.01,1048.68
A00481,Kevin Castellano,Tomas Herrera,Northeast,Mass Affluent,Taxable Brokerage,US Equity,0.4799,87658.12
A00481,Kevin Castellano,Tomas Herrera,Northeast,Mass Affluent,Taxable Brokerage,International Equity,0.1376,25129.36
A00481,Kevin Castellano,Tomas Herrera,Northeast,Mass Affluent,Taxable Brokerage,Fixed Income,0.304,55526.09
A00481,Kevin Castellano,Tomas Herrera,Northeast,Mass Affluent,Taxable Brokerage,Cash & Equivalents,0.044,8032.74
A00481,Kevin Castellano,Tomas Herrera,Northeast,Mass Affluent,Taxable Brokerage,Alternatives,0.0345,6297.28
A00482,Laura Devereaux,Tomas Herrera,Northeast,High Net Worth,Traditional IRA,US Equity,0.4291,315222.55
A00482,Laura Devereaux,Tomas Herrera,Northeast,High Net Worth,Traditional IRA,International Equity,0.1686,123870.19
A00482,Laura Devereaux,Tomas Herrera,Northeast,High Net Worth,Traditional IRA,Fixed Income,0.2502,183840.14
A00482,Laura Devereaux,Tomas Herrera,Northeast,High Net Worth,Traditional IRA,Cash & Equivalents,0.078,57321.84
A00482,Laura Devereaux,Tomas Herrera,Northeast,High Net Worth,Traditional IRA,Alternatives,0.0741,54404.59
A00483,Laura Devereaux,Tomas Herrera,Northeast,High Net Worth,Taxable Brokerage,US Equity,0.4128,254196.37
A00483,Laura Devereaux,Tomas Herrera,Northeast,High Net Worth,Taxable Brokerage,International Equity,0.1712,105412.78
A00483,Laura Devereaux,Tomas Herrera,Northeast,High Net Worth,Taxable Brokerage,Fixed Income,0.2818,173538.53
A00483,Laura Devereaux,Tomas Herrera,Northeast,High Net Worth,Taxable Brokerage,Cash & Equivalents,0.0517,31838.28
A00483,Laura Devereaux,Tomas Herrera,Northeast,High Net Worth,Taxable Brokerage,Alternatives,0.0825,50827.23
A00484,Laura Devereaux,Tomas Herrera,Northeast,High Net Worth,Trust,US Equity,0.4355,307465.76
A00484,Laura Devereaux,Tomas Herrera,Northeast,High Net Worth,Trust,International Equity,0.2933,207051.19
A00484,Laura Devereaux,Tomas Herrera,Northeast,High Net Worth,Trust,Fixed Income,0.1773,125153.62
A00484,Laura Devereaux,Tomas Herrera,Northeast,High Net Worth,Trust,Cash & Equivalents,0.0466,32881.61
A00484,Laura Devereaux,Tomas Herrera,Northeast,High Net Worth,Trust,Alternatives,0.0473,33381.83
A00485,Laura Devereaux,Tomas Herrera,Northeast,High Net Worth,Roth IRA,US Equity,0.3729,217886.98
A00485,Laura Devereaux,Tomas Herrera,Northeast,High Net Worth,Roth IRA,International Equity,0.1809,105674.28
A00485,Laura Devereaux,Tomas Herrera,Northeast,High Net Worth,Roth IRA,Fixed Income,0.2956,172697.05
A00485,Laura Devereaux,Tomas Herrera,Northeast,High Net Worth,Roth IRA,Cash & Equivalents,0.0103,6008.12
A00485,Laura Devereaux,Tomas Herrera,Northeast,High Net Worth,Roth IRA,Alternatives,0.1404,82009.02
A00486,Ronald Zabala,Marcus Ellery,Midwest,Mass Affluent,Taxable Brokerage,US Equity,0.4868,24089.16
A00486,Ronald Zabala,Marcus Ellery,Midwest,Mass Affluent,Taxable Brokerage,International Equity,0.0971,4804.3
A00486,Ronald Zabala,Marcus Ellery,Midwest,Mass Affluent,Taxable Brokerage,Fixed Income,0.2749,13604.12
A00486,Ronald Zabala,Marcus Ellery,Midwest,Mass Affluent,Taxable Brokerage,Cash & Equivalents,0.1307,6466.82
A00486,Ronald Zabala,Marcus Ellery,Midwest,Mass Affluent,Taxable Brokerage,Alternatives,0.0106,525.31
A00487,Ronald Zabala,Marcus Ellery,Midwest,Mass Affluent,401(k) Rollover,US Equity,0.4408,46969.46
A00487,Ronald Zabala,Marcus Ellery,Midwest,Mass Affluent,401(k) Rollover,International Equity,0.1272,13553.47
A00487,Ronald Zabala,Marcus Ellery,Midwest,Mass Affluent,401(k) Rollover,Fixed Income,0.3045,32442.84
A00487,Ronald Zabala,Marcus Ellery,Midwest,Mass Affluent,401(k) Rollover,Cash & Equivalents,0.1176,12528.63
A00487,Ronald Zabala,Marcus Ellery,Midwest,Mass Affluent,401(k) Rollover,Alternatives,0.0099,1055.7
A00488,Ronald Zabala,Marcus Ellery,Midwest,Mass Affluent,Trust,US Equity,0.4575,41883.58
A00488,Ronald Zabala,Marcus Ellery,Midwest,Mass Affluent,Trust,International Equity,0.165,15103.29
A00488,Ronald Zabala,Marcus Ellery,Midwest,Mass Affluent,Trust,Fixed Income,0.2739,25074.38
A00488,Ronald Zabala,Marcus Ellery,Midwest,Mass Affluent,Trust,Cash & Equivalents,0.0924,8455.87
A00488,Ronald Zabala,Marcus Ellery,Midwest,Mass Affluent,Trust,Alternatives,0.0114,1041.18
A00489,George Ibarra,Grant Sheffield,Northeast,High Net Worth,Trust,US Equity,0.4118,397969.56
A00489,George Ibarra,Grant Sheffield,Northeast,High Net Worth,Trust,International Equity,0.1738,167924.94
A00489,George Ibarra,Grant Sheffield,Northeast,High Net Worth,Trust,Fixed Income,0.2684,259384.25
A00489,George Ibarra,Grant Sheffield,Northeast,High Net Worth,Trust,Cash & Equivalents,0.0179,17293.5
A00489,George Ibarra,Grant Sheffield,Northeast,High Net Worth,Trust,Alternatives,0.1281,123753.54
A00490,George Ibarra,Grant Sheffield,Northeast,High Net Worth,Taxable Brokerage,US Equity,0.4,483504.3
A00490,George Ibarra,Grant Sheffield,Northeast,High Net Worth,Taxable Brokerage,International Equity,0.192,232107.28
A00490,George Ibarra,Grant Sheffield,Northeast,High Net Worth,Taxable Brokerage,Fixed Income,0.2498,301974.2
A00490,George Ibarra,Grant Sheffield,Northeast,High Net Worth,Taxable Brokerage,Cash & Equivalents,0.0504,60876.3
A00490,George Ibarra,Grant Sheffield,Northeast,High Net Worth,Taxable Brokerage,Alternatives,0.1077,130184.23
A00491,George Ibarra,Grant Sheffield,Northeast,High Net Worth,Traditional IRA,US Equity,0.3945,194018.94
A00491,George Ibarra,Grant Sheffield,Northeast,High Net Worth,Traditional IRA,International Equity,0.1517,74610.47
A00491,George Ibarra,Grant Sheffield,Northeast,High Net Worth,Traditional IRA,Fixed Income,0.3124,153652.55
A00491,George Ibarra,Grant Sheffield,Northeast,High Net Worth,Traditional IRA,Cash & Equivalents,0.0512,25196.67
A00491,George Ibarra,Grant Sheffield,Northeast,High Net Worth,Traditional IRA,Alternatives,0.0902,44376.0
A00492,George Ibarra,Grant Sheffield,Northeast,High Net Worth,Roth IRA,US Equity,0.4012,457799.27
A00492,George Ibarra,Grant Sheffield,Northeast,High Net Worth,Roth IRA,International Equity,0.1964,224061.83
A00492,George Ibarra,Grant Sheffield,Northeast,High Net Worth,Roth IRA,Fixed Income,0.2094,238871.24
A00492,George Ibarra,Grant Sheffield,Northeast,High Net Worth,Roth IRA,Cash & Equivalents,0.061,69643.15
A00492,George Ibarra,Grant Sheffield,Northeast,High Net Worth,Roth IRA,Alternatives,0.132,150582.74
A00493,Ashley Nguyen,Marcus Ellery,Midwest,Mass Affluent,Traditional IRA,US Equity,0.4425,35021.65
A00493,Ashley Nguyen,Marcus Ellery,Midwest,Mass Affluent,Traditional IRA,International Equity,0.1966,15561.39
A00493,Ashley Nguyen,Marcus Ellery,Midwest,Mass Affluent,Traditional IRA,Fixed Income,0.2398,18982.47
A00493,Ashley Nguyen,Marcus Ellery,Midwest,Mass Affluent,Traditional IRA,Cash & Equivalents,0.1096,8675.61
A00493,Ashley Nguyen,Marcus Ellery,Midwest,Mass Affluent,Traditional IRA,Alternatives,0.0114,905.24
A00494,Ashley Nguyen,Marcus Ellery,Midwest,Mass Affluent,Trust,US Equity,0.432,61936.55
A00494,Ashley Nguyen,Marcus Ellery,Midwest,Mass Affluent,Trust,International Equity,0.1768,25346.95
A00494,Ashley Nguyen,Marcus Ellery,Midwest,Mass Affluent,Trust,Fixed Income,0.2735,39208.87
A00494,Ashley Nguyen,Marcus Ellery,Midwest,Mass Affluent,Trust,Cash & Equivalents,0.1083,15532.56
A00494,Ashley Nguyen,Marcus Ellery,Midwest,Mass Affluent,Trust,Alternatives,0.0094,1349.62
A00495,Ashley Nguyen,Marcus Ellery,Midwest,Mass Affluent,Roth IRA,US Equity,0.4014,49722.36
A00495,Ashley Nguyen,Marcus Ellery,Midwest,Mass Affluent,Roth IRA,International Equity,0.2091,25902.95
A00495,Ashley Nguyen,Marcus Ellery,Midwest,Mass Affluent,Roth IRA,Fixed Income,0.3199,39630.23
A00495,Ashley Nguyen,Marcus Ellery,Midwest,Mass Affluent,Roth IRA,Cash & Equivalents,0.0592,7338.45
A00495,Ashley Nguyen,Marcus Ellery,Midwest,Mass Affluent,Roth IRA,Alternatives,0.0104,1285.83
A00496,Jeffrey Whitfield,Warren Tsai,West,Mass Affluent,Taxable Brokerage,US Equity,0.4398,39814.38
A00496,Jeffrey Whitfield,Warren Tsai,West,Mass Affluent,Taxable Brokerage,International Equity,0.1654,14975.29
A00496,Jeffrey Whitfield,Warren Tsai,West,Mass Affluent,Taxable Brokerage,Fixed Income,0.279,25255.76
A00496,Jeffrey Whitfield,Warren Tsai,West,Mass Affluent,Taxable Brokerage,Cash & Equivalents,0.1048,9489.06
A00496,Jeffrey Whitfield,Warren Tsai,West,Mass Affluent,Taxable Brokerage,Alternatives,0.0109,984.53
A00497,Jeffrey Whitfield,Warren Tsai,West,Mass Affluent,Trust,US Equity,0.3533,63988.17
A00497,Jeffrey Whitfield,Warren Tsai,West,Mass Affluent,Trust,International Equity,0.1273,23067.08
A00497,Jeffrey Whitfield,Warren Tsai,West,Mass Affluent,Trust,Fixed Income,0.2928,53035.82
A00497,Jeffrey Whitfield,Warren Tsai,West,Mass Affluent,Trust,Cash & Equivalents,0.1245,22545.24
A00497,Jeffrey Whitfield,Warren Tsai,West,Mass Affluent,Trust,Alternatives,0.1021,18495.7
A00498,Jeffrey Whitfield,Warren Tsai,West,Mass Affluent,Roth IRA,US Equity,0.464,95454.56
A00498,Jeffrey Whitfield,Warren Tsai,West,Mass Affluent,Roth IRA,International Equity,0.1281,26347.75
A00498,Jeffrey Whitfield,Warren Tsai,West,Mass Affluent,Roth IRA,Fixed Income,0.2509,51623.08
A00498,Jeffrey Whitfield,Warren Tsai,West,Mass Affluent,Roth IRA,Cash & Equivalents,0.0637,13097.71
A00498,Jeffrey Whitfield,Warren Tsai,West,Mass Affluent,Roth IRA,Alternatives,0.0933,19201.84
A00499,Amanda Ellsworth,Declan Moreau,West,Mass Affluent,401(k) Rollover,US Equity,0.47,43842.53
A00499,Amanda Ellsworth,Declan Moreau,West,Mass Affluent,401(k) Rollover,International Equity,0.1301,12136.08
A00499,Amanda Ellsworth,Declan Moreau,West,Mass Affluent,401(k) Rollover,Fixed Income,0.2972,27723.66
A00499,Amanda Ellsworth,Declan Moreau,West,Mass Affluent,401(k) Rollover,Cash & Equivalents,0.0917,8555.01
A00499,Amanda Ellsworth,Declan Moreau,West,Mass Affluent,401(k) Rollover,Alternatives,0.0109,1019.72
A00500,Amanda Ellsworth,Declan Moreau,West,Mass Affluent,Traditional IRA,US Equity,0.4706,107638.1
A00500,Amanda Ellsworth,Declan Moreau,West,Mass Affluent,Traditional IRA,International Equity,0.166,37975.11
A00500,Amanda Ellsworth,Declan Moreau,West,Mass Affluent,Traditional IRA,Fixed Income,0.2871,65672.57
A00500,Amanda Ellsworth,Declan Moreau,West,Mass Affluent,Traditional IRA,Cash & Equivalents,0.0633,14473.32
A00500,Amanda Ellsworth,Declan Moreau,West,Mass Affluent,Traditional IRA,Alternatives,0.0129,2957.52
A00501,Edward Castellano,Dana Whitfield,Midwest,Mass Affluent,Trust,US Equity,0.4787,60532.66
A00501,Edward Castellano,Dana Whitfield,Midwest,Mass Affluent,Trust,International Equity,0.0928,11736.15
A00501,Edward Castellano,Dana Whitfield,Midwest,Mass Affluent,Trust,Fixed Income,0.3039,38426.83
A00501,Edward Castellano,Dana Whitfield,Midwest,Mass Affluent,Trust,Cash & Equivalents,0.0741,9364.85
A00501,Edward Castellano,Dana Whitfield,Midwest,Mass Affluent,Trust,Alternatives,0.0506,6394.22
A00502,Edward Castellano,Dana Whitfield,Midwest,Mass Affluent,Taxable Brokerage,US Equity,0.4719,147386.43
A00502,Edward Castellano,Dana Whitfield,Midwest,Mass Affluent,Taxable Brokerage,International Equity,0.162,50595.54
A00502,Edward Castellano,Dana Whitfield,Midwest,Mass Affluent,Taxable Brokerage,Fixed Income,0.2659,83054.8
A00502,Edward Castellano,Dana Whitfield,Midwest,Mass Affluent,Taxable Brokerage,Cash & Equivalents,0.0901,28148.1
A00502,Edward Castellano,Dana Whitfield,Midwest,Mass Affluent,Taxable Brokerage,Alternatives,0.01,3114.77
A00503,Rebecca Fairbanks,Warren Tsai,West,Mass Affluent,401(k) Rollover,US Equity,0.4377,184249.77
A00503,Rebecca Fairbanks,Warren Tsai,West,Mass Affluent,401(k) Rollover,International Equity,0.2065,86927.4
A00503,Rebecca Fairbanks,Warren Tsai,West,Mass Affluent,401(k) Rollover,Fixed Income,0.2536,106778.88
A00503,Rebecca Fairbanks,Warren Tsai,West,Mass Affluent,401(k) Rollover,Cash & Equivalents,0.0921,38786.74
A00503,Rebecca Fairbanks,Warren Tsai,West,Mass Affluent,401(k) Rollover,Alternatives,0.01,4229.3
A00504,Thomas Mbeki,Marcus Ellery,Midwest,High Net Worth,Taxable Brokerage,US Equity,0.3886,888086.74
A00504,Thomas Mbeki,Marcus Ellery,Midwest,High Net Worth,Taxable Brokerage,International Equity,0.2051,468819.94
A00504,Thomas Mbeki,Marcus Ellery,Midwest,High Net Worth,Taxable Brokerage,Fixed Income,0.2028,463539.5
A00504,Thomas Mbeki,Marcus Ellery,Midwest,High Net Worth,Taxable Brokerage,Cash & Equivalents,0.0662,151294.43
A00504,Thomas Mbeki,Marcus Ellery,Midwest,High Net Worth,Taxable Brokerage,Alternatives,0.1372,313667.15
A00505,Thomas Mbeki,Marcus Ellery,Midwest,High Net Worth,Traditional IRA,US Equity,0.4179,1042674.86
A00505,Thomas Mbeki,Marcus Ellery,Midwest,High Net Worth,Traditional IRA,International Equity,0.2,498845.74
A00505,Thomas Mbeki,Marcus Ellery,Midwest,High Net Worth,Traditional IRA,Fixed Income,0.2739,683423.05
A00505,Thomas Mbeki,Marcus Ellery,Midwest,High Net Worth,Traditional IRA,Cash & Equivalents,0.0097,24215.63
A00505,Thomas Mbeki,Marcus Ellery,Midwest,High Net Worth,Traditional IRA,Alternatives,0.0985,245671.37
A00506,Robert Hollis,Camille Okafor,West,Mass Affluent,Traditional IRA,US Equity,0.4414,137795.71
A00506,Robert Hollis,Camille Okafor,West,Mass Affluent,Traditional IRA,International Equity,0.1501,46864.55
A00506,Robert Hollis,Camille Okafor,West,Mass Affluent,Traditional IRA,Fixed Income,0.2935,91620.14
A00506,Robert Hollis,Camille Okafor,West,Mass Affluent,Traditional IRA,Cash & Equivalents,0.0987,30806.42
A00506,Robert Hollis,Camille Okafor,West,Mass Affluent,Traditional IRA,Alternatives,0.0164,5109.3
A00507,Lisa Galloway,Declan Moreau,West,High Net Worth,Trust,US Equity,0.4499,762946.68
A00507,Lisa Galloway,Declan Moreau,West,High Net Worth,Trust,International Equity,0.1957,331939.58
A00507,Lisa Galloway,Declan Moreau,West,High Net Worth,Trust,Fixed Income,0.2221,376630.38
A00507,Lisa Galloway,Declan Moreau,West,High Net Worth,Trust,Cash & Equivalents,0.0156,26383.47
A00507,Lisa Galloway,Declan Moreau,West,High Net Worth,Trust,Alternatives,0.1167,197911.57
A00508,Deborah Tavares,Dana Whitfield,Midwest,High Net Worth,Roth IRA,US Equity,0.4977,452590.72
A00508,Deborah Tavares,Dana Whitfield,Midwest,High Net Worth,Roth IRA,International Equity,0.2164,196773.67
A00508,Deborah Tavares,Dana Whitfield,Midwest,High Net Worth,Roth IRA,Fixed Income,0.1195,108685.29
A00508,Deborah Tavares,Dana Whitfield,Midwest,High Net Worth,Roth IRA,Cash & Equivalents,0.0995,90499.86
A00508,Deborah Tavares,Dana Whitfield,Midwest,High Net Worth,Roth IRA,Alternatives,0.0668,60777.18
A00509,Deborah Tavares,Dana Whitfield,Midwest,High Net Worth,401(k) Rollover,US Equity,0.4897,746994.25
A00509,Deborah Tavares,Dana Whitfield,Midwest,High Net Worth,401(k) Rollover,International Equity,0.1866,284667.92
A00509,Deborah Tavares,Dana Whitfield,Midwest,High Net Worth,401(k) Rollover,Fixed Income,0.1882,287155.5
A00509,Deborah Tavares,Dana Whitfield,Midwest,High Net Worth,401(k) Rollover,Cash & Equivalents,0.0497,75843.28
A00509,Deborah Tavares,Dana Whitfield,Midwest,High Net Worth,401(k) Rollover,Alternatives,0.0857,130798.26
A00510,Charles Ibarra,Priya Raghunathan,Midwest,Mass Affluent,401(k) Rollover,US Equity,0.4123,60282.97
A00510,Charles Ibarra,Priya Raghunathan,Midwest,Mass Affluent,401(k) Rollover,International Equity,0.1407,20577.67
A00510,Charles Ibarra,Priya Raghunathan,Midwest,Mass Affluent,401(k) Rollover,Fixed Income,0.3025,44233.28
A00510,Charles Ibarra,Priya Raghunathan,Midwest,Mass Affluent,401(k) Rollover,Cash & Equivalents,0.1177,17215.24
A00510,Charles Ibarra,Priya Raghunathan,Midwest,Mass Affluent,401(k) Rollover,Alternatives,0.0268,3914.24
A00511,Steven Haddad,Priya Raghunathan,Midwest,Mass Affluent,Roth IRA,US Equity,0.4622,93662.27
A00511,Steven Haddad,Priya Raghunathan,Midwest,Mass Affluent,Roth IRA,International Equity,0.1819,36866.63
A00511,Steven Haddad,Priya Raghunathan,Midwest,Mass Affluent,Roth IRA,Fixed Income,0.2278,46164.43
A00511,Steven Haddad,Priya Raghunathan,Midwest,Mass Affluent,Roth IRA,Cash & Equivalents,0.0721,14600.29
A00511,Steven Haddad,Priya Raghunathan,Midwest,Mass Affluent,Roth IRA,Alternatives,0.056,11338.07
A00513,George Cavanaugh,Dana Whitfield,Midwest,Mass Affluent,Taxable Brokerage,US Equity,0.4276,38431.57
A00513,George Cavanaugh,Dana Whitfield,Midwest,Mass Affluent,Taxable Brokerage,International Equity,0.1759,15808.49
A00513,George Cavanaugh,Dana Whitfield,Midwest,Mass Affluent,Taxable Brokerage,Fixed Income,0.2214,19899.96
A00513,George Cavanaugh,Dana Whitfield,Midwest,Mass Affluent,Taxable Brokerage,Cash & Equivalents,0.11,9884.08
A00513,George Cavanaugh,Dana Whitfield,Midwest,Mass Affluent,Taxable Brokerage,Alternatives,0.0651,5851.7
A00514,George Cavanaugh,Dana Whitfield,Midwest,Mass Affluent,401(k) Rollover,US Equity,0.4342,35600.7
A00514,George Cavanaugh,Dana Whitfield,Midwest,Mass Affluent,401(k) Rollover,International Equity,0.2174,17827.16
A00514,George Cavanaugh,Dana Whitfield,Midwest,Mass Affluent,401(k) Rollover,Fixed Income,0.2315,18981.15
A00514,George Cavanaugh,Dana Whitfield,Midwest,Mass Affluent,401(k) Rollover,Cash & Equivalents,0.1077,8827.87
A00514,George Cavanaugh,Dana Whitfield,Midwest,Mass Affluent,401(k) Rollover,Alternatives,0.0092,753.4
A00515,Kimberly Novak,Rowan Blackwell,Southeast,High Net Worth,Roth IRA,US Equity,0.4073,610369.98
A00515,Kimberly Novak,Rowan Blackwell,Southeast,High Net Worth,Roth IRA,International Equity,0.1984,297354.28
A00515,Kimberly Novak,Rowan Blackwell,Southeast,High Net Worth,Roth IRA,Fixed Income,0.2346,351578.14
A00515,Kimberly Novak,Rowan Blackwell,Southeast,High Net Worth,Roth IRA,Cash & Equivalents,0.0404,60480.07
A00515,Kimberly Novak,Rowan Blackwell,Southeast,High Net Worth,Roth IRA,Alternatives,0.1194,178976.86
A00516,Andrew Vance,Warren Tsai,West,Ultra High Net Worth,Trust,US Equity,0.3668,9112910.4
A00516,Andrew Vance,Warren Tsai,West,Ultra High Net Worth,Trust,International Equity,0.2495,6199112.18
A00516,Andrew Vance,Warren Tsai,West,Ultra High Net Worth,Trust,Fixed Income,0.1541,3829218.48
A00516,Andrew Vance,Warren Tsai,West,Ultra High Net Worth,Trust,Cash & Equivalents,0.0592,1469869.22
A00516,Andrew Vance,Warren Tsai,West,Ultra High Net Worth,Trust,Alternatives,0.1705,4235174.93
A00517,Ryan Delacroix,Rowan Blackwell,Southeast,Mass Affluent,Trust,US Equity,0.4647,184235.86
A00517,Ryan Delacroix,Rowan Blackwell,Southeast,Mass Affluent,Trust,International Equity,0.1512,59940.95
A00517,Ryan Delacroix,Rowan Blackwell,Southeast,Mass Affluent,Trust,Fixed Income,0.2426,96158.17
A00517,Ryan Delacroix,Rowan Blackwell,Southeast,Mass Affluent,Trust,Cash & Equivalents,0.0814,32253.41
A00517,Ryan Delacroix,Rowan Blackwell,Southeast,Mass Affluent,Trust,Alternatives,0.0601,23834.53
A00518,Donna Haddad,Elise Fontaine,Southeast,Mass Affluent,Trust,US Equity,0.4241,163193.75
A00518,Donna Haddad,Elise Fontaine,Southeast,Mass Affluent,Trust,International Equity,0.142,54642.08
A00518,Donna Haddad,Elise Fontaine,Southeast,Mass Affluent,Trust,Fixed Income,0.318,122366.45
A00518,Donna Haddad,Elise Fontaine,Southeast,Mass Affluent,Trust,Cash & Equivalents,0.0886,34103.64
A00518,Donna Haddad,Elise Fontaine,Southeast,Mass Affluent,Trust,Alternatives,0.0274,10538.34
A00519,Emily Pemberton,Dana Whitfield,Midwest,Mass Affluent,Taxable Brokerage,US Equity,0.461,212935.35
A00519,Emily Pemberton,Dana Whitfield,Midwest,Mass Affluent,Taxable Brokerage,International Equity,0.2029,93697.57
A00519,Emily Pemberton,Dana Whitfield,Midwest,Mass Affluent,Taxable Brokerage,Fixed Income,0.2474,114252.21
A00519,Emily Pemberton,Dana Whitfield,Midwest,Mass Affluent,Taxable Brokerage,Cash & Equivalents,0.0791,36544.38
A00519,Emily Pemberton,Dana Whitfield,Midwest,Mass Affluent,Taxable Brokerage,Alternatives,0.0096,4432.01
A00520,Linda Delacroix,Nina Castellanos,Southeast,High Net Worth,Traditional IRA,US Equity,0.3707,550178.52
A00520,Linda Delacroix,Nina Castellanos,Southeast,High Net Worth,Traditional IRA,International Equity,0.1579,234370.03
A00520,Linda Delacroix,Nina Castellanos,Southeast,High Net Worth,Traditional IRA,Fixed Income,0.2698,400442.07
A00520,Linda Delacroix,Nina Castellanos,Southeast,High Net Worth,Traditional IRA,Cash & Equivalents,0.0834,123797.49
A00520,Linda Delacroix,Nina Castellanos,Southeast,High Net Worth,Traditional IRA,Alternatives,0.1182,175371.61
A00521,Linda Delacroix,Nina Castellanos,Southeast,High Net Worth,Trust,US Equity,0.3748,443306.21
A00521,Linda Delacroix,Nina Castellanos,Southeast,High Net Worth,Trust,International Equity,0.2509,296798.21
A00521,Linda Delacroix,Nina Castellanos,Southeast,High Net Worth,Trust,Fixed Income,0.2403,284177.25
A00521,Linda Delacroix,Nina Castellanos,Southeast,High Net Worth,Trust,Cash & Equivalents,0.0278,32883.74
A00521,Linda Delacroix,Nina Castellanos,Southeast,High Net Worth,Trust,Alternatives,0.1061,125542.23
A00522,Edward Brennan,Aisha Bello,Northeast,High Net Worth,401(k) Rollover,US Equity,0.4624,544181.58
A00522,Edward Brennan,Aisha Bello,Northeast,High Net Worth,401(k) Rollover,International Equity,0.2034,239448.93
A00522,Edward Brennan,Aisha Bello,Northeast,High Net Worth,401(k) Rollover,Fixed Income,0.249,293113.76
A00522,Edward Brennan,Aisha Bello,Northeast,High Net Worth,401(k) Rollover,Cash & Equivalents,0.031,36537.93
A00522,Edward Brennan,Aisha Bello,Northeast,High Net Worth,401(k) Rollover,Alternatives,0.0541,63698.12
A00523,Edward Brennan,Aisha Bello,Northeast,High Net Worth,Trust,US Equity,0.4448,696615.34
A00523,Edward Brennan,Aisha Bello,Northeast,High Net Worth,Trust,International Equity,0.1635,256123.5
A00523,Edward Brennan,Aisha Bello,Northeast,High Net Worth,Trust,Fixed Income,0.2782,435657.4
A00523,Edward Brennan,Aisha Bello,Northeast,High Net Worth,Trust,Cash & Equivalents,0.0203,31723.35
A00523,Edward Brennan,Aisha Bello,Northeast,High Net Worth,Trust,Alternatives,0.0933,146074.86
A00524,Edward Brennan,Aisha Bello,Northeast,High Net Worth,Traditional IRA,US Equity,0.4006,462774.3
A00524,Edward Brennan,Aisha Bello,Northeast,High Net Worth,Traditional IRA,International Equity,0.1849,213515.92
A00524,Edward Brennan,Aisha Bello,Northeast,High Net Worth,Traditional IRA,Fixed Income,0.262,302586.7
A00524,Edward Brennan,Aisha Bello,Northeast,High Net Worth,Traditional IRA,Cash & Equivalents,0.0449,51906.09
A00524,Edward Brennan,Aisha Bello,Northeast,High Net Worth,Traditional IRA,Alternatives,0.1076,124284.01
